transaction_id,txn_date,amount,party_name,gstin,category,invoice_number
TXN-2025-00001,2025-06-10,36196.37,Global Enterprises,09CCCCC55522Z8,HSN 4819,INV/2025/57400
TXN-2025-00002,2025-05-28,19182.16,Sharma Logistics & Freight,33EEEEE79121Z5,SAC 9965,INV/2025/19116
TXN-2025-00003,2025-01-12,42095.18,Kapur Electronics,27BBBBB65141Z5,HSN 7208,INV/2025/47930
TXN-2025-00004,2025-01-21,101015.56,Bharat Petroleum Dealer,07AAAAA85271Z5,HSN 7208,INV/2025/23238
TXN-2025-00005,2025-04-08,17428.23,Gupta Steel & Hardware Corp,07AAAAA25352Z8,HSN 2710,INV/2025/93320
TXN-2025-00006,2025-04-04,17428.52,Infosys Limited,07AAAAA99351Z5,HSN 5208,INV/2025/56566
TXN-2025-00007,2025-02-23,106853.37,Kapur Electronics,27BBBBB65141Z5,HSN 5208,INV/2025/99593
TXN-2025-00008,2025-06-15,47450.14,Reliance Industries Ltd,27BBBBB46572Z8,SAC 9983,INV/2025/93227
TXN-2025-00009,2025-02-13,13773.83,Delhi Distribution Network,07AAAAA36153Z4,SAC 9965,INV/2025/42087
TXN-2025-00010,2025-02-11,185000.0,Aggarwal Auto Components,27BBBBB83591Z9,UNCLASSIFIED,INV/2025/45382
TXN-2025-00011,2025-06-13,13857.51,Singhania Textiles Pvt Ltd,07AAAAA72241Z5,SAC 9983,INV/2025/38785
TXN-2025-00012,2025-06-25,13825.5,Verma Stationery Traders,27BBBBB92791Z5,HSN 4819,INV/2025/17331
TXN-2025-00013,2025-02-28,28056.13,Bharat Petroleum Dealer,07AAAAA85271Z5,HSN 8471,INV/2025/51347
TXN-2025-00014,2025-04-13,3251.01,Gupta Steel & Hardware Corp,07AAAAA25352Z8,HSN 8471,INV/2025/37653
TXN-2025-00015,2025-05-26,3924.85,Chawla IT Services,19DDDDD22911Z9,SAC 9965,INV/2025/51245
TXN-2025-00016,2025-02-24,12552.97,Kapur Electronics,27BBBBB65141Z5,HSN 2710,INV/2025/61856
TXN-2025-00017,2025-06-14,7999.78,Aggarwal Auto Components,27BBBBB83591Z9,HSN 7208,INV/2025/44718
TXN-2025-00018,2025-02-05,30159.26,Sharma Logistics & Freight,33EEEEE79121Z5,SAC 9965,INV/2025/83579
TXN-2025-00019,2025-05-18,8883.72,Gupta Steel & Hardware Corp,07AAAAA25352Z8,SAC 9965,INV/2025/86622
TXN-2025-00020,2025-04-20,5365.24,Chawla IT Services,19DDDDD22911Z9,SAC 9983,INV/2025/62350
TXN-2025-00021,2025-04-03,95382.34,Sharma Logistics & Freight,33EEEEE79121Z5,HSN 7208,INV/2025/76784
TXN-2025-00022,2025-05-07,17574.84,Reliance Industries Ltd,27BBBBB46572Z8,HSN 4819,INV/2025/16175
TXN-2025-00023,2025-01-29,23565.24,Infosys Limited,07AAAAA99351Z5,SAC 9965,INV/2025/30969
TXN-2025-00024,2025-06-24,5298.89,Mehta Tech Solutions LLP,33EEEEE42573Z4,SAC 9983,INV/2025/18326
TXN-2025-00025,2025-04-09,12779.75,Mehta Tech Solutions LLP,33EEEEE42573Z4,SAC 9983,INV/2025/71348
TXN-2025-00026,2025-05-16,24610.36,Gupta Steel & Hardware Corp,07AAAAA25352Z8,SAC 9983,INV/2025/11504
TXN-2025-00027,2025-06-24,6967.46,Singhania Textiles Pvt Ltd,07AAAAA72241Z5,HSN 8471,INV/2025/99353
TXN-2025-00028,2025-05-18,32070.7,Apex Packaging Solutions,09CCCCC66351Z9,HSN 5208,INV/2025/94012
TXN-2025-00029,2025-03-29,12080.66,Reliance Industries Ltd,27BBBBB46572Z8,HSN 5208,INV/2025/66985
TXN-2025-00030,2025-02-10,16453.71,Aggarwal Auto Components,27BBBBB83591Z9,HSN 8471,INV/2025/44522
TXN-2025-00031,2025-05-09,12067.77,Apex Packaging Solutions,09CCCCC66351Z9,HSN 7208,INV/2025/76542
TXN-2025-00032,2025-01-28,140403.85,Bharat Petroleum Dealer,07AAAAA85271Z5,SAC 9965,INV/2025/49117
TXN-2025-00033,2025-06-13,21731.17,Delhi Distribution Network,07AAAAA36153Z4,SAC 9983,INV/2025/36071
TXN-2025-00034,2025-02-09,7648.69,Verma Stationery Traders,27BBBBB92791Z5,HSN 4819,INV/2025/31174
TXN-2025-00035,2025-05-19,50138.52,Apex Packaging Solutions,09CCCCC66351Z9,SAC 9983,INV/2025/10074
TXN-2025-00036,2025-06-03,6497.39,Verma Stationery Traders,27BBBBB92791Z5,HSN 2710,INV/2025/12552
TXN-2025-00037,2025-01-29,27142.7,Chawla IT Services,19DDDDD22911Z9,HSN 5208,INV/2025/50306
TXN-2025-00038,2025-03-03,3103.64,Tata Consultancy Services Ltd,07AAAAA14091Z9,HSN 7208,INV/2025/84364
TXN-2025-00039,2025-01-21,5836.08,Reliance Industries Ltd,27BBBBB46572Z8,SAC 9965,INV/2025/73699
TXN-2025-00040,2025-01-18,26818.88,Apex Packaging Solutions,09CCCCC66351Z9,SAC 9983,INV/2025/26483
TXN-2025-00041,2025-02-02,46095.31,Kapur Electronics,27BBBBB65141Z5,HSN 2710,INV/2025/82063
TXN-2025-00042,2025-02-12,26143.82,Gupta Steel & Hardware Corp,07AAAAA25352Z8,SAC 9983,INV/2025/89507
TXN-2025-00043,2025-04-19,19620.92,Sharma Logistics & Freight,33EEEEE79121Z5,SAC 9983,INV/2025/36365
TXN-2025-00044,2025-03-21,16299.61,Mehta Tech Solutions LLP,33EEEEE42573Z4,SAC 9965,INV/2025/95180
TXN-2025-00045,2025-04-06,5021.47,Aggarwal Auto Components,27BBBBB83591Z9,SAC 9983,INV/2025/69177
TXN-2025-00046,2025-01-31,10723.1,Sharma Logistics & Freight,33EEEEE79121Z5,HSN 7208,INV/2025/18392
TXN-2025-00047,2025-03-28,13896.07,Tata Consultancy Services Ltd,07AAAAA14091Z9,SAC 9983,INV/2025/82603
TXN-2025-00048,2025-02-28,500000.0,Global Enterprises,09CCCCC55522Z8,HSN 7208,INV/2025/10942
TXN-2025-00049,2025-01-19,31058.2,Singhania Textiles Pvt Ltd,07AAAAA72241Z5,SAC 9965,INV/2025/17716
TXN-2025-00050,2025-02-28,3778.04,Reliance Industries Ltd,27BBBBB46572Z8,HSN 8471,INV/2025/53309
TXN-2025-00051,2025-01-19,30457.39,Delhi Distribution Network,07AAAAA36153Z4,HSN 7208,INV/2025/46500
TXN-2025-00052,2025-06-21,14986.69,Aggarwal Auto Components,27BBBBB83591Z9,HSN 7208,INV/2025/80678
TXN-2025-00053,2025-02-03,11193.38,Singhania Textiles Pvt Ltd,07AAAAA72241Z5,SAC 9983,INV/2025/85525
TXN-2025-00054,2025-05-02,40606.21,Sharma Logistics & Freight,33EEEEE79121Z5,HSN 4819,INV/2025/71993
TXN-2025-00055,2025-04-15,61759.28,Sharma Logistics & Freight,33EEEEE79121Z5,HSN 8471,INV/2025/22704
TXN-2025-00056,2025-06-18,55897.79,Mehta Tech Solutions LLP,33EEEEE42573Z4,HSN 5208,INV/2025/65519
TXN-2025-00057,2025-04-16,9516.5,Aggarwal Auto Components,27BBBBB83591Z9,HSN 4819,INV/2025/17100
TXN-2025-00058,2025-06-22,16167.97,Kapur Electronics,27BBBBB65141Z5,SAC 9965,INV/2025/22899
TXN-2025-00059,2025-01-16,30676.85,Mehta Tech Solutions LLP,33EEEEE42573Z4,SAC 9965,INV/2025/54473
TXN-2025-00060,2025-01-28,58427.69,Sharma Logistics & Freight,33EEEEE79121Z5,HSN 7208,INV/2025/34931
TXN-2025-00061,2025-05-18,13640.87,Aggarwal Auto Components,27BBBBB83591Z9,HSN 7208,INV/2025/65296
TXN-2025-00062,2025-02-16,18294.23,Gupta Steel & Hardware Corp,07AAAAA25352Z8,HSN 2710,INV/2025/42742
TXN-2025-00063,2025-01-20,7285.67,Aggarwal Auto Components,27BBBBB83591Z9,HSN 4819,INV/2025/82132
TXN-2025-00064,2025-01-26,6659.46,Tata Consultancy Services Ltd,07AAAAA14091Z9,SAC 9965,INV/2025/80855
TXN-2025-00065,2025-01-04,49638.69,Reliance Industries Ltd,27BBBBB46572Z8,HSN 4819,INV/2025/40982
TXN-2025-00066,2025-02-12,1761678.71,Mehta Tech Solutions LLP,33EEEEE42573Z4,HSN 2710,INV/2025/73092
TXN-2025-00067,2025-02-24,20496.1,Bharat Petroleum Dealer,07AAAAA85271Z5,HSN 2710,INV/2025/17685
TXN-2025-00068,2025-02-12,60086.05,Mehta Tech Solutions LLP,33EEEEE42573Z4,HSN 8471,INV/2025/61173
TXN-2025-00069,2025-03-09,31622.87,Chawla IT Services,19DDDDD22911Z9,HSN 4819,INV/2025/69638
TXN-2025-00070,2025-03-15,11555.08,Mehta Tech Solutions LLP,33EEEEE42573Z4,SAC 9965,INV/2025/82845
TXN-2025-00071,2025-06-19,31615.27,Singhania Textiles Pvt Ltd,07AAAAA72241Z5,HSN 2710,INV/2025/30289
TXN-2025-00072,2025-02-18,102542.9,Gupta Steel & Hardware Corp,07AAAAA25352Z8,HSN 7208,INV/2025/17665
TXN-2025-00073,2025-05-29,21251.31,Singhania Textiles Pvt Ltd,07AAAAA72241Z5,SAC 9983,INV/2025/17989
TXN-2025-00074,2025-03-22,105307.89,Tata Consultancy Services Ltd,07AAAAA14091Z9,HSN 8471,INV/2025/86569
TXN-2025-00075,2025-05-03,1604.0,Delhi Distribution Network,07AAAAA36153Z4,HSN 4819,INV/2025/79615
TXN-2025-00076,2025-02-10,50106.32,Tata Consultancy Services Ltd,07AAAAA14091Z9,SAC 9983,INV/2025/20500
TXN-2025-00077,2025-02-17,24029.73,Reliance Industries Ltd,27BBBBB46572Z8,SAC 9983,INV/2025/18907
TXN-2025-00078,2025-06-22,16333.81,Bharat Petroleum Dealer,07AAAAA85271Z5,HSN 7208,INV/2025/62923
TXN-2025-00079,2025-01-31,24143.27,Chawla IT Services,19DDDDD22911Z9,SAC 9983,INV/2025/42271
TXN-2025-00080,2025-05-29,3018.25,Global Enterprises,09CCCCC55522Z8,HSN 8471,INV/2025/91183
TXN-2025-00081,2025-01-21,17682.45,Mehta Tech Solutions LLP,33EEEEE42573Z4,SAC 9965,INV/2025/86503
TXN-2025-00082,2025-05-25,31480.15,Delhi Distribution Network,07AAAAA36153Z4,HSN 5208,INV/2025/44179
TXN-2025-00083,2025-02-22,96557.51,Kapur Electronics,27BBBBB65141Z5,SAC 9965,INV/2025/51180
TXN-2025-00084,2025-03-03,13117.86,Gupta Steel & Hardware Corp,07AAAAA25352Z8,HSN 2710,INV/2025/27154
TXN-2025-00085,2025-06-21,9813.42,Kapur Electronics,27BBBBB65141Z5,HSN 5208,INV/2025/69929
TXN-2025-00086,2025-03-22,13336.27,Chawla IT Services,19DDDDD22911Z9,HSN 4819,INV/2025/19508
TXN-2025-00087,2025-01-03,55017.25,Aggarwal Auto Components,27BBBBB83591Z9,SAC 9983,INV/2025/83792
TXN-2025-00088,2025-01-26,30599.87,Reliance Industries Ltd,27BBBBB46572Z8,SAC 9983,INV/2025/37938
TXN-2025-00089,2025-05-10,12968.0,Gupta Steel & Hardware Corp,07AAAAA25352Z8,HSN 7208,INV/2025/55745
TXN-2025-00090,2025-01-18,36800.53,Chawla IT Services,19DDDDD22911Z9,HSN 7208,INV/2025/58434
TXN-2025-00091,2025-03-14,24271.97,Infosys Limited,07AAAAA99351Z5,HSN 2710,INV/2025/81200
TXN-2025-00092,2025-06-30,58025.91,Gupta Steel & Hardware Corp,07AAAAA25352Z8,SAC 9983,INV/2025/95717
TXN-2025-00093,2025-05-16,10915.59,Tata Consultancy Services Ltd,07INVALIDGSTIN123,SAC 9965,INV/2025/82692
TXN-2025-00094,2025-03-18,15872.41,Chawla IT Services,19DDDDD22911Z9,SAC 9965,INV/2025/23577
TXN-2025-00095,2025-02-04,14881.76,Gupta Steel & Hardware Corp,07AAAAA25352Z8,HSN 8471,INV/2025/24029
TXN-2025-00096,2025-05-22,5097.4,Infosys Limited,07AAAAA99351Z5,HSN 5208,INV/2025/46930
TXN-2025-00097,2025-06-04,29617.49,Sharma Logistics & Freight,33EEEEE79121Z5,SAC 9965,INV/2025/54942
TXN-2025-00098,2025-02-22,28596.95,Kapur Electronics,27BBBBB65141Z5,SAC 9965,INV/2025/44600
TXN-2025-00099,2025-05-10,2000000.0,Aggarwal Auto Components,27BBBBB83591Z9,HSN 5208,INV/2025/16658
TXN-2025-00100,2025-01-24,17420.67,Kapur Electronics,27BBBBB65141Z5,HSN 2710,INV/2025/46265
TXN-2025-00101,2025-01-12,5348.81,Tata Consultancy Services Ltd,07AAAAA14091Z9,HSN 5208,INV/2025/27146
TXN-2025-00102,2025-06-13,14463.08,Gupta Steel & Hardware Corp,07AAAAA25352Z8,HSN 7208,INV/2025/67912
TXN-2025-00103,2025-05-22,15635.28,Singhania Textiles Pvt Ltd,07AAAAA72241Z5,HSN 2710,INV/2025/83519
TXN-2025-00104,2025-01-03,9874.62,Reliance Industries Ltd,27BBBBB46572Z8,HSN 8471,INV/2025/29536
TXN-2025-00105,2025-05-20,18745.6,Tata Consultancy Services Ltd,07AAAAA14091Z9,HSN 4819,INV/2025/58393
TXN-2025-00106,2025-05-30,32993.01,Delhi Distribution Network,07AAAAA36153Z4,HSN 7208,INV/2025/66333
TXN-2025-00107,2025-02-02,145246.26,Tata Consultancy Services Ltd,07AAAAA14091Z9,HSN 5208,INV/2025/57795
TXN-2025-00108,2025-01-11,26227.87,Chawla IT Services,19DDDDD22911Z9,HSN 5208,INV/2025/37535
TXN-2025-00109,2025-06-24,28496.89,Sharma Logistics & Freight,33EEEEE79121Z5,SAC 9965,INV/2025/23473
TXN-2025-00110,2025-04-01,1000000.0,Apex Packaging Solutions,09CCCCC66351Z9,SAC 9983,INV/2025/63264
TXN-2025-00111,2025-06-08,3233.2,Singhania Textiles Pvt Ltd,07AAAAA72241Z5,HSN 7208,INV/2025/41029
TXN-2025-00112,2025-02-11,21450.13,Apex Packaging Solutions,09CCCCC66351Z9,HSN 4819,INV/2025/33206
TXN-2025-00113,2025-04-16,23393.89,Tata Consultancy Services Ltd,07AAAAA14091Z9,HSN 7208,INV/2025/53540
TXN-2025-00114,2025-04-16,258652.85,Apex Packaging Solutions,09CCCCC66351Z9,SAC 9965,INV/2025/42527
TXN-2025-00115,2025-03-10,18172.03,Infosys Limited,07AAAAA99351Z5,HSN 4819,INV/2025/24168
TXN-2025-00116,2025-04-08,29778.66,Bharat Petroleum Dealer,07AAAAA85271Z5,HSN 8471,INV/2025/71694
TXN-2025-00117,2025-02-26,21275.01,Sharma Logistics & Freight,33EEEEE79121Z5,HSN 4819,INV/2025/70332
TXN-2025-00118,2025-03-31,6845.33,Gupta Steel & Hardware Corp,07AAAAA25352Z8,HSN 4819,INV/2025/39831
TXN-2025-00119,2025-02-27,69066.34,Tata Consultancy Services Ltd,07AAAAA14091Z9,SAC 9965,INV/2025/35313
TXN-2025-00120,2025-04-13,46720.25,Verma Stationery Traders,27BBBBB92791Z5,HSN 5208,INV/2025/19099
TXN-2025-00121,2025-03-13,48583.15,Verma Stationery Traders,27BBBBB92791Z5,SAC 9965,INV/2025/76768
TXN-2025-00122,2025-04-13,8871.62,Kapur Electronics,27BBBBB65141Z5,HSN 4819,INV/2025/80282
TXN-2025-00123,2025-03-26,89571.67,Tata Consultancy Services Ltd,07AAAAA14091Z9,HSN 8471,INV/2025/44237
TXN-2025-00124,2025-02-15,5421.61,Global Enterprises,09CCCCC55522Z8,HSN 5208,INV/2025/15014
TXN-2025-00125,2025-01-28,39610.8,Global Enterprises,09CCCCC55522Z8,HSN 2710,INV/2025/55309
TXN-2025-00126,2025-03-22,196900.86,Mehta Tech Solutions LLP,33EEEEE42573Z4,SAC 9983,INV/2025/77033
TXN-2025-00127,2025-01-30,8180.13,Mehta Tech Solutions LLP,33EEEEE42573Z4,SAC 9983,INV/2025/34914
TXN-2025-00128,2025-03-07,12502.73,Tata Consultancy Services Ltd,07AAAAA14091Z9,SAC 9965,INV/2025/67154
TXN-2025-00129,2025-01-01,24334.52,Delhi Distribution Network,07AAAAA36153Z4,HSN 4819,INV/2025/80575
TXN-2025-00130,2025-06-25,13313.37,Singhania Textiles Pvt Ltd,07AAAAA72241Z5,SAC 9965,INV/2025/97900
TXN-2025-00131,2025-02-20,4671.97,Verma Stationery Traders,27BBBBB92791Z5,HSN 2710,INV/2025/19171
TXN-2025-00132,2025-06-20,23589.64,Chawla IT Services,19DDDDD22911Z9,HSN 5208,INV/2025/91678
TXN-2025-00133,2025-03-22,7613.64,Kapur Electronics,27BBBBB65141Z5,HSN 4819,INV/2025/26334
TXN-2025-00134,2025-03-18,35369.05,Delhi Distribution Network,07AAAAA36153Z4,HSN 5208,INV/2025/97410
TXN-2025-00135,2025-04-15,8783.02,Verma Stationery Traders,27BBBBB92791Z5,HSN 2710,INV/2025/48752
TXN-2025-00136,2025-05-22,103770.23,Infosys Limited,07AAAAA99351Z5,HSN 7208,INV/2025/65108
TXN-2025-00137,2025-06-20,10064.27,Mehta Tech Solutions LLP,33EEEEE42573Z4,SAC 9965,INV/2025/32810
TXN-2025-00138,2025-06-07,15961.56,Global Enterprises,09CCCCC55522Z8,HSN 5208,INV/2025/63225
TXN-2025-00139,2025-05-21,49687.92,Bharat Petroleum Dealer,07AAAAA85271Z5,HSN 8471,INV/2025/49829
TXN-2025-00140,2025-03-15,6432.61,Sharma Logistics & Freight,33EEEEE79121Z5,HSN 2710,INV/2025/86019
TXN-2025-00141,2025-06-05,27652.18,Kapur Electronics,27BBBBB65141Z5,HSN 5208,INV/2025/70946
TXN-2025-00142,2025-04-24,81400.99,Aggarwal Auto Components,27BBBBB83591Z9,SAC 9965,INV/2025/38010
TXN-2025-00143,2025-05-11,4413.91,Aggarwal Auto Components,27BBBBB83591Z9,HSN 4819,INV/2025/32241
TXN-2025-00144,2025-06-18,26492.95,Reliance Industries Ltd,27BBBBB46572Z8,HSN 5208,INV/2025/77561
TXN-2025-00145,2025-06-19,28563.44,Kapur Electronics,27BBBBB65141Z5,SAC 9983,INV/2025/53933
TXN-2025-00146,2025-01-24,48137.79,Bharat Petroleum Dealer,07AAAAA85271Z5,HSN 4819,INV/2025/40784
TXN-2025-00147,2025-06-22,6393.58,Gupta Steel & Hardware Corp,07AAAAA25352Z8,HSN 7208,INV/2025/36100
TXN-2025-00148,2025-02-07,5881.36,Tata Consultancy Services Ltd,07AAAAA14091Z9,HSN 8471,INV/2025/42092
TXN-2025-00149,2025-05-02,37121.13,Global Enterprises,09CCCCC55522Z8,HSN 4819,INV/2025/19545
TXN-2025-00150,2025-04-27,29643.1,Mehta Tech Solutions LLP,33EEEEE42573Z4,SAC 9965,INV/2025/85454
TXN-2025-00151,2025-02-19,28296.48,Singhania Textiles Pvt Ltd,07AAAAA72241Z5,SAC 9965,INV/2025/60328
TXN-2025-00152,2025-05-07,31146.22,Mehta Tech Solutions LLP,33EEEEE42573Z4,HSN 7208,INV/2025/29342
TXN-2025-00153,2025-06-17,11158.71,Singhania Textiles Pvt Ltd,07AAAAA72241Z5,HSN 8471,INV/2025/23970
TXN-2025-00154,2025-04-19,27785.06,Sharma Logistics & Freight,33EEEEE79121Z5,HSN 7208,INV/2025/77889
TXN-2025-00155,2025-04-29,29527.36,Tata Consultancy Services Ltd,07AAAAA14091Z9,SAC 9983,INV/2025/42662
TXN-2025-00156,2025-02-01,10782.16,Aggarwal Auto Components,27BBBBB83591Z9,HSN 7208,INV/2025/70901
TXN-2025-00157,2025-06-20,142311.63,Delhi Distribution Network,07AAAAA36153Z4,SAC 9983,INV/2025/88047
TXN-2025-00158,2025-03-23,35377.56,Apex Packaging Solutions,09CCCCC66351Z9,HSN 2710,INV/2025/90301
TXN-2025-00159,2025-05-10,6692.19,Mehta Tech Solutions LLP,07INVALIDGSTIN123,HSN 4819,INV/2025/81810
TXN-2025-00160,2025-04-25,42470.02,Chawla IT Services,19DDDDD22911Z9,HSN 7208,INV/2025/72216
TXN-2025-00161,2025-04-26,8310.86,Gupta Steel & Hardware Corp,07AAAAA25352Z8,HSN 4819,INV/2025/42406
TXN-2025-00162,2025-06-13,48391.75,Gupta Steel & Hardware Corp,07AAAAA25352Z8,HSN 4819,INV/2025/78327
TXN-2025-00163,2025-05-05,70164.35,Kapur Electronics,27BBBBB65141Z5,HSN 7208,INV/2025/45992
TXN-2025-00164,2025-04-23,9694.54,Reliance Industries Ltd,27BBBBB46572Z8,SAC 9965,INV/2025/47450
TXN-2025-00165,2025-03-02,57720.99,Gupta Steel & Hardware Corp,07AAAAA25352Z8,HSN 5208,INV/2025/51904
TXN-2025-00166,2025-05-19,33282.3,Reliance Industries Ltd,27BBBBB46572Z8,HSN 7208,INV/2025/29769
TXN-2025-00167,2025-03-01,50114.22,Mehta Tech Solutions LLP,33EEEEE42573Z4,SAC 9965,INV/2025/30028
TXN-2025-00168,2025-06-30,146795.1,Sharma Logistics & Freight,33EEEEE79121Z5,HSN 8471,INV/2025/64377
TXN-2025-00169,2025-04-15,185000.0,Verma Stationery Traders,27BBBBB92791Z5,UNCLASSIFIED,INV/2025/71069
TXN-2025-00170,2025-04-17,10365.77,Tata Consultancy Services Ltd,07AAAAA14091Z9,HSN 7208,INV/2025/65069
TXN-2025-00171,2025-04-10,9049.69,Chawla IT Services,19DDDDD22911Z9,HSN 4819,INV/2025/86556
TXN-2025-00172,2025-06-28,9741.88,Tata Consultancy Services Ltd,07AAAAA14091Z9,HSN 4819,INV/2025/85456
TXN-2025-00173,2025-04-08,20392.01,Aggarwal Auto Components,27BBBBB83591Z9,HSN 8471,INV/2025/56105
TXN-2025-00174,2025-03-18,30981.7,Apex Packaging Solutions,09CCCCC66351Z9,HSN 2710,INV/2025/64921
TXN-2025-00175,2025-04-17,29047.59,Singhania Textiles Pvt Ltd,07AAAAA14091Z9,SAC 9965,INV/2025/65069
TXN-2025-00176,2025-06-04,50371.62,Chawla IT Services,19DDDDD22911Z9,HSN 7208,INV/2025/73993
TXN-2025-00177,2025-02-26,22314.72,Gupta Steel & Hardware Corp,07AAAAA25352Z8,HSN 2710,INV/2025/73654
TXN-2025-00178,2025-01-08,94233.79,Mehta Tech Solutions LLP,33EEEEE42573Z4,HSN 5208,INV/2025/97670
TXN-2025-00179,2025-06-23,16904.64,Apex Packaging Solutions,09CCCCC66351Z9,HSN 2710,INV/2025/31632
TXN-2025-00180,2025-04-30,334425.42,Chawla IT Services,19DDDDD22911Z9,HSN 7208,INV/2025/91560
TXN-2025-00181,2025-05-17,41178.33,Tata Consultancy Services Ltd,07AAAAA14091Z9,HSN 2710,INV/2025/87580
TXN-2025-00182,2025-05-25,9347.3,Kapur Electronics,27BBBBB65141Z5,HSN 8471,INV/2025/21003
TXN-2025-00183,2025-06-14,7548.53,Mehta Tech Solutions LLP,33EEEEE42573Z4,HSN 7208,INV/2025/70515
TXN-2025-00184,2025-02-16,35684.53,Tata Consultancy Services Ltd,07AAAAA14091Z9,HSN 5208,INV/2025/59689
TXN-2025-00185,2025-03-25,17615.55,Sharma Logistics & Freight,33EEEEE79121Z5,HSN 2710,INV/2025/52840
TXN-2025-00186,2025-03-28,1000000.0,Apex Packaging Solutions,09CCCCC66351Z9,HSN 2710,INV/2025/46471
TXN-2025-00187,2025-04-18,35356.5,Gupta Steel & Hardware Corp,07AAAAA25352Z8,HSN 4819,INV/2025/20735
TXN-2025-00188,2025-05-01,20479.32,Tata Consultancy Services Ltd,07AAAAA14091Z9,SAC 9965,INV/2025/80702
TXN-2025-00189,2025-01-14,9444.67,Verma Stationery Traders,27BBBBB92791Z5,HSN 7208,INV/2025/95215
TXN-2025-00190,2025-01-18,4842.34,Apex Packaging Solutions,09CCCCC66351Z9,SAC 9965,INV/2025/15276
TXN-2025-00191,2025-01-08,14093.73,Sharma Logistics & Freight,33EEEEE79121Z5,HSN 7208,INV/2025/12671
TXN-2025-00192,2025-06-09,51864.97,Infosys Limited,07AAAAA99351Z5,HSN 7208,INV/2025/26544
TXN-2025-00193,2025-05-02,27285.04,Kapur Electronics,07INVALIDGSTIN123,HSN 8471,INV/2025/83920
TXN-2025-00194,2025-02-25,6337.64,Aggarwal Auto Components,27BBBBB83591Z9,SAC 9965,INV/2025/43586
TXN-2025-00195,2025-04-05,26191.26,Infosys Limited,07AAAAA99351Z5,SAC 9983,INV/2025/89593
TXN-2025-00196,2025-01-30,32380.68,Apex Packaging Solutions,09CCCCC66351Z9,HSN 4819,INV/2025/31465
TXN-2025-00197,2025-03-21,9101.03,Reliance Industries Ltd,27BBBBB46572Z8,SAC 9983,INV/2025/13365
TXN-2025-00198,2025-03-21,25686.61,Global Enterprises,09CCCCC55522Z8,SAC 9965,INV/2025/59192
TXN-2025-00199,2025-04-12,23346.65,Singhania Textiles Pvt Ltd,07AAAAA72241Z5,HSN 7208,INV/2025/19961
TXN-2025-00200,2025-06-01,7023.59,Singhania Textiles Pvt Ltd,07AAAAA72241Z5,HSN 4819,INV/2025/92213
TXN-2025-00201,2025-03-04,31501.4,Reliance Industries Ltd,27BBBBB46572Z8,SAC 9965,INV/2025/49529
TXN-2025-00202,2025-06-25,38591.39,Global Enterprises,09CCCCC55522Z8,HSN 4819,INV/2025/25866
TXN-2025-00203,2025-05-25,65059.09,Apex Packaging Solutions,09CCCCC66351Z9,HSN 8471,INV/2025/55508
TXN-2025-00204,2025-05-17,63183.73,Mehta Tech Solutions LLP,33EEEEE42573Z4,SAC 9965,INV/2025/58571
TXN-2025-00205,2025-01-18,5554.32,Delhi Distribution Network,07AAAAA36153Z4,SAC 9965,INV/2025/54725
TXN-2025-00206,2025-01-04,8622.88,Bharat Petroleum Dealer,07AAAAA85271Z5,HSN 2710,INV/2025/74251
TXN-2025-00207,2025-01-28,36865.64,Mehta Tech Solutions LLP,33EEEEE42573Z4,HSN 5208,INV/2025/93307
TXN-2025-00208,2025-04-28,36819.61,Singhania Textiles Pvt Ltd,07AAAAA72241Z5,HSN 7208,INV/2025/67080
TXN-2025-00209,2025-02-15,36866.1,Singhania Textiles Pvt Ltd,07AAAAA72241Z5,SAC 9983,INV/2025/95256
TXN-2025-00210,2025-03-11,1037922.31,Global Enterprises,09CCCCC55522Z8,HSN 4819,INV/2025/80539
TXN-2025-00211,2025-05-04,38983.37,Aggarwal Auto Components,27BBBBB83591Z9,HSN 2710,INV/2025/87656
TXN-2025-00212,2025-03-10,68566.93,Verma Stationery Traders,27BBBBB92791Z5,HSN 4819,INV/2025/42177
TXN-2025-00213,2025-01-23,57182.42,Gupta Steel & Hardware Corp,07AAAAA25352Z8,HSN 2710,INV/2025/41963
TXN-2025-00214,2025-04-29,42251.34,Global Enterprises,09CCCCC55522Z8,SAC 9983,INV/2025/97580
TXN-2025-00215,2025-04-08,16070.34,Verma Stationery Traders,27BBBBB92791Z5,HSN 8471,INV/2025/74789
TXN-2025-00216,2025-03-25,47050.14,Infosys Limited,07AAAAA99351Z5,HSN 2710,INV/2025/37802
TXN-2025-00217,2025-04-01,10169.77,Apex Packaging Solutions,07INVALIDGSTIN123,HSN 5208,INV/2025/54608
TXN-2025-00218,2025-03-13,17381.84,Chawla IT Services,19DDDDD22911Z9,SAC 9983,INV/2025/46211
TXN-2025-00219,2025-05-23,13556.7,Tata Consultancy Services Ltd,07AAAAA14091Z9,SAC 9983,INV/2025/35042
TXN-2025-00220,2025-01-22,23905.75,Sharma Logistics & Freight,33EEEEE79121Z5,SAC 9965,INV/2025/63271
TXN-2025-00221,2025-05-06,222940.14,Delhi Distribution Network,07AAAAA36153Z4,HSN 4819,INV/2025/41499
TXN-2025-00222,2025-06-26,3404.1,Aggarwal Auto Components,27BBBBB83591Z9,SAC 9965,INV/2025/74332
TXN-2025-00223,2025-04-25,43750.58,Apex Packaging Solutions,09CCCCC66351Z9,HSN 8471,INV/2025/22196
TXN-2025-00224,2025-03-17,4390.88,Sharma Logistics & Freight,33EEEEE79121Z5,HSN 2710,INV/2025/41890
TXN-2025-00225,2025-03-20,13740.02,Kapur Electronics,27BBBBB65141Z5,SAC 9983,INV/2025/58368
TXN-2025-00226,2025-05-02,65444.03,Delhi Distribution Network,07AAAAA36153Z4,SAC 9983,INV/2025/55056
TXN-2025-00227,2025-04-19,23488.82,Singhania Textiles Pvt Ltd,07AAAAA72241Z5,SAC 9983,INV/2025/53357
TXN-2025-00228,2025-04-01,7496.98,Singhania Textiles Pvt Ltd,07AAAAA72241Z5,HSN 2710,INV/2025/45509
TXN-2025-00229,2025-03-20,10771.9,Gupta Steel & Hardware Corp,07AAAAA25352Z8,HSN 7208,INV/2025/25814
TXN-2025-00230,2025-02-19,43460.06,Verma Stationery Traders,27BBBBB92791Z5,HSN 8471,INV/2025/80236
TXN-2025-00231,2025-06-26,10610.86,Infosys Limited,07AAAAA99351Z5,HSN 7208,INV/2025/38361
TXN-2025-00232,2025-05-04,27349.64,Gupta Steel & Hardware Corp,07AAAAA25352Z8,SAC 9965,INV/2025/87278
TXN-2025-00233,2025-05-15,23053.48,Global Enterprises,09CCCCC55522Z8,HSN 5208,INV/2025/23176
TXN-2025-00234,2025-02-19,11480.44,Gupta Steel & Hardware Corp,07AAAAA25352Z8,HSN 7208,INV/2025/57301
TXN-2025-00235,2025-02-15,187952.41,Gupta Steel & Hardware Corp,07AAAAA25352Z8,HSN 8471,INV/2025/80010
TXN-2025-00236,2025-02-02,41519.52,Gupta Steel & Hardware Corp,07AAAAA25352Z8,HSN 8471,INV/2025/17146
TXN-2025-00237,2025-05-22,2906.94,Gupta Steel & Hardware Corp,07AAAAA25352Z8,SAC 9965,INV/2025/26551
TXN-2025-00238,2025-06-13,26541.22,Bharat Petroleum Dealer,07AAAAA85271Z5,HSN 4819,INV/2025/74340
TXN-2025-00239,2025-01-27,11364.09,Bharat Petroleum Dealer,07AAAAA85271Z5,HSN 8471,INV/2025/85243
TXN-2025-00240,2025-03-14,51659.7,Aggarwal Auto Components,27BBBBB83591Z9,HSN 2710,INV/2025/67733
TXN-2025-00241,2025-03-29,9971.43,Infosys Limited,07AAAAA99351Z5,HSN 8471,INV/2025/43092
TXN-2025-00242,2025-05-03,19638.82,Reliance Industries Ltd,27BBBBB46572Z8,HSN 4819,INV/2025/18564
TXN-2025-00243,2025-04-13,36497.07,Aggarwal Auto Components,27BBBBB83591Z9,HSN 8471,INV/2025/85631
TXN-2025-00244,2025-06-11,52352.51,Kapur Electronics,27BBBBB65141Z5,HSN 8471,INV/2025/29887
TXN-2025-00245,2025-02-08,6632.28,Apex Packaging Solutions,09CCCCC66351Z9,SAC 9983,INV/2025/49824
TXN-2025-00246,2025-01-22,15764.23,Sharma Logistics & Freight,33EEEEE79121Z5,HSN 8471,INV/2025/83147
TXN-2025-00247,2025-04-17,13698.68,Global Enterprises,09CCCCC55522Z8,SAC 9983,INV/2025/91057
TXN-2025-00248,2025-02-27,11460.6,Apex Packaging Solutions,09CCCCC66351Z9,SAC 9983,INV/2025/59856
TXN-2025-00249,2025-06-11,128727.65,Chawla IT Services,27BBBBB65141Z5,HSN 2710,INV/2025/29887
TXN-2025-00250,2025-05-31,33023.73,Mehta Tech Solutions LLP,33EEEEE42573Z4,HSN 5208,INV/2025/84531
TXN-2025-00251,2025-06-08,6242.38,Tata Consultancy Services Ltd,07AAAAA14091Z9,SAC 9983,INV/2025/23006
TXN-2025-00252,2025-02-23,55152.75,Kapur Electronics,27BBBBB65141Z5,HSN 7208,INV/2025/44687
TXN-2025-00253,2025-06-19,183901.62,Reliance Industries Ltd,27BBBBB46572Z8,HSN 7208,INV/2025/41439
TXN-2025-00254,2025-02-14,61849.87,Delhi Distribution Network,07AAAAA36153Z4,HSN 8471,INV/2025/30517
TXN-2025-00255,2025-01-01,4820.49,Mehta Tech Solutions LLP,33EEEEE42573Z4,HSN 2710,INV/2025/87832
TXN-2025-00256,2025-05-01,13572.02,Gupta Steel & Hardware Corp,07AAAAA25352Z8,HSN 8471,INV/2025/40340
TXN-2025-00257,2025-03-15,78191.1,Singhania Textiles Pvt Ltd,07AAAAA72241Z5,HSN 5208,INV/2025/69510
TXN-2025-00258,2025-01-19,10854.45,Kapur Electronics,27BBBBB65141Z5,HSN 7208,INV/2025/44675
TXN-2025-00259,2025-06-10,34331.53,Global Enterprises,09CCCCC55522Z8,SAC 9965,INV/2025/35928
TXN-2025-00260,2025-04-19,47792.98,Reliance Industries Ltd,27BBBBB46572Z8,SAC 9983,INV/2025/39466
TXN-2025-00261,2025-06-15,1500000.0,Infosys Limited,07AAAAA99351Z5,HSN 5208,INV/2025/28643
TXN-2025-00262,2025-01-19,20753.59,Tata Consultancy Services Ltd,07AAAAA14091Z9,HSN 7208,INV/2025/50319
TXN-2025-00263,2025-06-02,861.55,Singhania Textiles Pvt Ltd,07AAAAA72241Z5,HSN 4819,INV/2025/84607
TXN-2025-00264,2025-03-15,7907.86,Aggarwal Auto Components,27BBBBB83591Z9,HSN 8471,INV/2025/71433
TXN-2025-00265,2025-06-26,17110.23,Gupta Steel & Hardware Corp,07AAAAA25352Z8,SAC 9965,INV/2025/62757
TXN-2025-00266,2025-03-11,6324.69,Delhi Distribution Network,07AAAAA36153Z4,SAC 9983,INV/2025/74722
TXN-2025-00267,2025-04-23,112691.73,Reliance Industries Ltd,27BBBBB46572Z8,SAC 9983,INV/2025/15224
TXN-2025-00268,2025-04-21,5270.38,Singhania Textiles Pvt Ltd,07AAAAA72241Z5,HSN 5208,INV/2025/89129
TXN-2025-00269,2025-03-06,14185.22,Tata Consultancy Services Ltd,07AAAAA14091Z9,HSN 8471,INV/2025/40005
TXN-2025-00270,2025-06-22,25102.95,Bharat Petroleum Dealer,07INVALIDGSTIN123,HSN 4819,INV/2025/85392
TXN-2025-00271,2025-05-31,93085.46,Tata Consultancy Services Ltd,07AAAAA14091Z9,HSN 4819,INV/2025/98117
TXN-2025-00272,2025-03-10,5240.32,Global Enterprises,09CCCCC55522Z8,HSN 8471,INV/2025/32962
TXN-2025-00273,2025-05-01,70485.6,Delhi Distribution Network,07AAAAA36153Z4,SAC 9965,INV/2025/67963
TXN-2025-00274,2025-03-13,22253.02,Infosys Limited,07AAAAA99351Z5,SAC 9983,INV/2025/67132
TXN-2025-00275,2025-06-12,8254.31,Bharat Petroleum Dealer,07AAAAA85271Z5,HSN 2710,INV/2025/21959
TXN-2025-00276,2025-05-01,34965.02,Verma Stationery Traders,27BBBBB92791Z5,HSN 2710,INV/2025/53687
TXN-2025-00277,2025-03-24,26877.9,Kapur Electronics,27BBBBB65141Z5,HSN 8471,INV/2025/31079
TXN-2025-00278,2025-03-26,12085.76,Mehta Tech Solutions LLP,33EEEEE42573Z4,SAC 9965,INV/2025/74942
TXN-2025-00279,2025-03-15,23618.89,Kapur Electronics,27BBBBB65141Z5,HSN 2710,INV/2025/82102
TXN-2025-00280,2025-01-10,14983.22,Aggarwal Auto Components,27BBBBB83591Z9,HSN 8471,INV/2025/51224
TXN-2025-00281,2025-03-06,24674.3,Verma Stationery Traders,27BBBBB92791Z5,HSN 8471,INV/2025/62976
TXN-2025-00282,2025-05-12,42707.54,Bharat Petroleum Dealer,07AAAAA85271Z5,HSN 8471,INV/2025/96200
TXN-2025-00283,2025-05-19,107582.88,Aggarwal Auto Components,27BBBBB83591Z9,HSN 2710,INV/2025/17104
TXN-2025-00284,2025-02-18,6388.05,Delhi Distribution Network,07AAAAA36153Z4,HSN 5208,INV/2025/91609
TXN-2025-00285,2025-05-08,185912.86,Kapur Electronics,27BBBBB65141Z5,HSN 2710,INV/2025/16764
TXN-2025-00286,2025-02-22,3127.26,Gupta Steel & Hardware Corp,07AAAAA25352Z8,SAC 9983,INV/2025/27172
TXN-2025-00287,2025-03-15,18924.54,Aggarwal Auto Components,07INVALIDGSTIN123,SAC 9965,INV/2025/73532
TXN-2025-00288,2025-02-01,39668.68,Tata Consultancy Services Ltd,07AAAAA14091Z9,SAC 9965,INV/2025/89806
TXN-2025-00289,2025-03-03,29172.79,Singhania Textiles Pvt Ltd,07AAAAA72241Z5,HSN 7208,INV/2025/50730
TXN-2025-00290,2025-05-22,11817.07,Tata Consultancy Services Ltd,07AAAAA14091Z9,SAC 9983,INV/2025/63476
TXN-2025-00291,2025-01-24,17887.86,Sharma Logistics & Freight,33EEEEE79121Z5,HSN 4819,INV/2025/24871
TXN-2025-00292,2025-04-29,13453.56,Reliance Industries Ltd,27BBBBB46572Z8,SAC 9965,INV/2025/30181
TXN-2025-00293,2025-05-08,12217.63,Chawla IT Services,19DDDDD22911Z9,SAC 9965,INV/2025/48254
TXN-2025-00294,2025-05-11,51513.65,Singhania Textiles Pvt Ltd,07AAAAA72241Z5,HSN 5208,INV/2025/64459
TXN-2025-00295,2025-05-04,31477.1,Aggarwal Auto Components,27BBBBB83591Z9,HSN 7208,INV/2025/69871
TXN-2025-00296,2025-05-22,11015.85,Infosys Limited,07AAAAA99351Z5,HSN 2710,INV/2025/34983
TXN-2025-00297,2025-06-03,54154.69,Delhi Distribution Network,07AAAAA36153Z4,SAC 9965,INV/2025/27892
TXN-2025-00298,2025-01-18,29950.45,Gupta Steel & Hardware Corp,07AAAAA25352Z8,HSN 4819,INV/2025/64387
TXN-2025-00299,2025-03-29,49655.38,Chawla IT Services,19DDDDD22911Z9,HSN 4819,INV/2025/76550
TXN-2025-00300,2025-03-10,41341.78,Bharat Petroleum Dealer,07AAAAA85271Z5,HSN 8471,INV/2025/47072
TXN-2025-00301,2025-03-18,9614.28,Bharat Petroleum Dealer,07AAAAA85271Z5,SAC 9983,INV/2025/86011
TXN-2025-00302,2025-06-18,12579.44,Aggarwal Auto Components,27BBBBB83591Z9,HSN 4819,INV/2025/29476
TXN-2025-00303,2025-04-25,46504.0,Delhi Distribution Network,07AAAAA36153Z4,HSN 2710,INV/2025/55236
TXN-2025-00304,2025-03-27,40553.21,Delhi Distribution Network,07AAAAA36153Z4,HSN 4819,INV/2025/81228
TXN-2025-00305,2025-04-07,21570.86,Aggarwal Auto Components,27BBBBB83591Z9,HSN 5208,INV/2025/34727
TXN-2025-00306,2025-06-28,24768.49,Sharma Logistics & Freight,33EEEEE79121Z5,SAC 9983,INV/2025/60196
TXN-2025-00307,2025-03-01,79036.49,Bharat Petroleum Dealer,07AAAAA85271Z5,HSN 4819,INV/2025/63841
TXN-2025-00308,2025-01-12,12190.7,Verma Stationery Traders,27BBBBB92791Z5,SAC 9965,INV/2025/71993
TXN-2025-00309,2025-06-30,38066.78,Chawla IT Services,19DDDDD22911Z9,HSN 4819,INV/2025/59968
TXN-2025-00310,2025-04-09,17994.25,Kapur Electronics,27BBBBB65141Z5,HSN 4819,INV/2025/95461
TXN-2025-00311,2025-02-08,17717.69,Aggarwal Auto Components,27BBBBB83591Z9,HSN 8471,INV/2025/26547
TXN-2025-00312,2025-05-09,66090.27,Global Enterprises,09CCCCC55522Z8,HSN 5208,INV/2025/23154
TXN-2025-00313,2025-04-23,50282.7,Reliance Industries Ltd,27BBBBB46572Z8,SAC 9983,INV/2025/69890
TXN-2025-00314,2025-01-04,49687.55,Singhania Textiles Pvt Ltd,07AAAAA72241Z5,HSN 7208,INV/2025/63736
TXN-2025-00315,2025-06-17,81265.66,Infosys Limited,07AAAAA99351Z5,HSN 8471,INV/2025/71537
TXN-2025-00316,2025-03-09,22494.0,Verma Stationery Traders,27BBBBB92791Z5,SAC 9983,INV/2025/62098
TXN-2025-00317,2025-06-16,43562.54,Reliance Industries Ltd,27BBBBB46572Z8,HSN 4819,INV/2025/53065
TXN-2025-00318,2025-06-22,16150.94,Bharat Petroleum Dealer,07AAAAA85271Z5,SAC 9983,INV/2025/59808
TXN-2025-00319,2025-03-23,30459.9,Kapur Electronics,27BBBBB65141Z5,SAC 9965,INV/2025/73956
TXN-2025-00320,2025-05-19,19338.57,Tata Consultancy Services Ltd,07AAAAA14091Z9,SAC 9983,INV/2025/18968
TXN-2025-00321,2025-03-02,24269.99,Kapur Electronics,27BBBBB65141Z5,SAC 9965,INV/2025/47667
TXN-2025-00322,2025-02-28,39940.94,Singhania Textiles Pvt Ltd,07AAAAA72241Z5,HSN 8471,INV/2025/66881
TXN-2025-00323,2025-01-26,9718.43,Apex Packaging Solutions,09CCCCC66351Z9,SAC 9965,INV/2025/23173
TXN-2025-00324,2025-04-24,178507.75,Infosys Limited,07AAAAA99351Z5,SAC 9965,INV/2025/49251
TXN-2025-00325,2025-01-08,8054.47,Tata Consultancy Services Ltd,07AAAAA14091Z9,HSN 5208,INV/2025/17355
TXN-2025-00326,2025-03-17,6540.78,Verma Stationery Traders,27BBBBB92791Z5,HSN 5208,INV/2025/66450
TXN-2025-00327,2025-02-07,70130.35,Sharma Logistics & Freight,33EEEEE79121Z5,SAC 9983,INV/2025/64008
TXN-2025-00328,2025-05-25,48613.8,Kapur Electronics,27BBBBB65141Z5,HSN 4819,INV/2025/33600
TXN-2025-00329,2025-02-13,41114.65,Infosys Limited,07AAAAA99351Z5,HSN 8471,INV/2025/89887
TXN-2025-00330,2025-04-08,654232.68,Global Enterprises,09CCCCC55522Z8,SAC 9965,INV/2025/41566
TXN-2025-00331,2025-05-08,1500000.0,Chawla IT Services,19DDDDD22911Z9,SAC 9983,INV/2025/28758
TXN-2025-00332,2025-03-01,8979.91,Aggarwal Auto Components,27BBBBB83591Z9,SAC 9965,INV/2025/43289
TXN-2025-00333,2025-04-28,23761.09,Gupta Steel & Hardware Corp,07AAAAA25352Z8,SAC 9965,INV/2025/11231
TXN-2025-00334,2025-04-30,11190.7,Chawla IT Services,19DDDDD22911Z9,HSN 5208,INV/2025/98815
TXN-2025-00335,2025-05-20,58402.84,Infosys Limited,07AAAAA99351Z5,HSN 8471,INV/2025/67898
TXN-2025-00336,2025-03-30,19014.22,Global Enterprises,09CCCCC55522Z8,HSN 5208,INV/2025/93746
TXN-2025-00337,2025-04-19,9647.97,Singhania Textiles Pvt Ltd,07AAAAA72241Z5,HSN 5208,INV/2025/69878
TXN-2025-00338,2025-03-19,15972.35,Sharma Logistics & Freight,33EEEEE79121Z5,HSN 2710,INV/2025/73335
TXN-2025-00339,2025-01-28,33287.31,Sharma Logistics & Freight,33EEEEE79121Z5,HSN 2710,INV/2025/84963
TXN-2025-00340,2025-04-02,12534.94,Global Enterprises,09CCCCC55522Z8,HSN 5208,INV/2025/48696
TXN-2025-00341,2025-01-06,9679.64,Bharat Petroleum Dealer,07AAAAA85271Z5,SAC 9965,INV/2025/61879
TXN-2025-00342,2025-03-12,28104.56,Tata Consultancy Services Ltd,07AAAAA14091Z9,SAC 9983,INV/2025/99889
TXN-2025-00343,2025-01-13,28140.54,Chawla IT Services,19DDDDD22911Z9,SAC 9983,INV/2025/75107
TXN-2025-00344,2025-03-15,185000.0,Apex Packaging Solutions,09CCCCC66351Z9,UNCLASSIFIED,INV/2025/40162
TXN-2025-00345,2025-06-05,13752.3,Apex Packaging Solutions,09CCCCC66351Z9,HSN 5208,INV/2025/38705
TXN-2025-00346,2025-06-12,27779.4,Sharma Logistics & Freight,33EEEEE79121Z5,SAC 9983,INV/2025/42850
TXN-2025-00347,2025-06-23,5176.66,Apex Packaging Solutions,09CCCCC66351Z9,SAC 9965,INV/2025/96400
TXN-2025-00348,2025-06-24,5391.27,Bharat Petroleum Dealer,07AAAAA85271Z5,HSN 7208,INV/2025/92345
TXN-2025-00349,2025-01-25,10738.13,Chawla IT Services,19DDDDD22911Z9,SAC 9965,INV/2025/94717
TXN-2025-00350,2025-01-11,17792.87,Gupta Steel & Hardware Corp,07AAAAA25352Z8,HSN 4819,INV/2025/67779
TXN-2025-00351,2025-01-09,30058.7,Global Enterprises,07INVALIDGSTIN123,HSN 5208,INV/2025/27224
TXN-2025-00352,2025-01-24,96312.77,Chawla IT Services,19DDDDD22911Z9,HSN 5208,INV/2025/52823
TXN-2025-00353,2025-04-17,51930.4,Infosys Limited,07AAAAA99351Z5,HSN 7208,INV/2025/27322
TXN-2025-00354,2025-05-19,18770.87,Chawla IT Services,19DDDDD22911Z9,HSN 5208,INV/2025/79579
TXN-2025-00355,2025-05-09,21611.56,Chawla IT Services,19DDDDD22911Z9,HSN 5208,INV/2025/31567
TXN-2025-00356,2025-03-07,8082.61,Chawla IT Services,19DDDDD22911Z9,HSN 4819,INV/2025/73156
TXN-2025-00357,2025-03-17,21622.44,Singhania Textiles Pvt Ltd,07AAAAA72241Z5,HSN 4819,INV/2025/54396
TXN-2025-00358,2025-01-30,16503.72,Aggarwal Auto Components,27BBBBB83591Z9,HSN 8471,INV/2025/28449
TXN-2025-00359,2025-02-27,30415.83,Bharat Petroleum Dealer,07AAAAA85271Z5,SAC 9965,INV/2025/98395
TXN-2025-00360,2025-04-12,9631.26,Bharat Petroleum Dealer,07INVALIDGSTIN123,HSN 4819,INV/2025/83048
TXN-2025-00361,2025-04-04,37024.92,Reliance Industries Ltd,27BBBBB46572Z8,HSN 4819,INV/2025/61717
TXN-2025-00362,2025-01-04,102001.1,Gupta Steel & Hardware Corp,07AAAAA25352Z8,SAC 9983,INV/2025/26199
TXN-2025-00363,2025-04-27,19756.54,Verma Stationery Traders,27BBBBB92791Z5,SAC 9965,INV/2025/98125
TXN-2025-00364,2025-03-09,32915.92,Global Enterprises,09CCCCC55522Z8,HSN 2710,INV/2025/93695
TXN-2025-00365,2025-04-06,43920.83,Reliance Industries Ltd,27BBBBB46572Z8,SAC 9965,INV/2025/40647
TXN-2025-00366,2025-05-01,14746.77,Tata Consultancy Services Ltd,07AAAAA14091Z9,SAC 9983,INV/2025/83584
TXN-2025-00367,2025-03-25,27559.22,Chawla IT Services,19DDDDD22911Z9,SAC 9983,INV/2025/39015
TXN-2025-00368,2025-06-15,22305.59,Reliance Industries Ltd,27BBBBB46572Z8,SAC 9965,INV/2025/70852
TXN-2025-00369,2025-06-29,24286.5,Gupta Steel & Hardware Corp,07AAAAA25352Z8,SAC 9965,INV/2025/63516
TXN-2025-00370,2025-01-30,10167.89,Infosys Limited,07AAAAA99351Z5,HSN 8471,INV/2025/14877
TXN-2025-00371,2025-03-19,22573.01,Aggarwal Auto Components,27BBBBB83591Z9,HSN 8471,INV/2025/22739
TXN-2025-00372,2025-03-02,36242.88,Chawla IT Services,19DDDDD22911Z9,SAC 9983,INV/2025/27781
TXN-2025-00373,2025-04-10,94008.79,Aggarwal Auto Components,27BBBBB83591Z9,HSN 5208,INV/2025/97881
TXN-2025-00374,2025-06-28,57484.51,Delhi Distribution Network,07AAAAA36153Z4,HSN 2710,INV/2025/86983
TXN-2025-00375,2025-02-09,189696.83,Chawla IT Services,19DDDDD22911Z9,HSN 2710,INV/2025/95841
TXN-2025-00376,2025-01-26,10225.63,Bharat Petroleum Dealer,07AAAAA85271Z5,HSN 2710,INV/2025/90694
TXN-2025-00377,2025-04-15,52697.36,Gupta Steel & Hardware Corp,07AAAAA25352Z8,HSN 8471,INV/2025/58566
TXN-2025-00378,2025-02-25,26458.74,Aggarwal Auto Components,27BBBBB83591Z9,HSN 2710,INV/2025/40947
TXN-2025-00379,2025-04-03,196772.38,Reliance Industries Ltd,07INVALIDGSTIN123,SAC 9965,INV/2025/58147
TXN-2025-00380,2025-05-20,9815.34,Chawla IT Services,19DDDDD22911Z9,SAC 9965,INV/2025/57012
TXN-2025-00381,2025-01-16,9511.7,Mehta Tech Solutions LLP,33EEEEE42573Z4,HSN 5208,INV/2025/34878
TXN-2025-00382,2025-02-01,12095.72,Bharat Petroleum Dealer,07AAAAA85271Z5,HSN 4819,INV/2025/69600
TXN-2025-00383,2025-01-24,2633.59,Kapur Electronics,27BBBBB65141Z5,HSN 7208,INV/2025/94109
TXN-2025-00384,2025-06-13,13020.04,Global Enterprises,09CCCCC55522Z8,HSN 8471,INV/2025/16629
TXN-2025-00385,2025-03-27,10309.98,Sharma Logistics & Freight,33EEEEE79121Z5,HSN 7208,INV/2025/84000
TXN-2025-00386,2025-02-22,25601.18,Reliance Industries Ltd,27BBBBB46572Z8,HSN 4819,INV/2025/82641
TXN-2025-00387,2025-02-23,31000.42,Global Enterprises,09CCCCC55522Z8,HSN 7208,INV/2025/40539
TXN-2025-00388,2025-03-26,143798.87,Apex Packaging Solutions,09CCCCC66351Z9,HSN 7208,INV/2025/88116
TXN-2025-00389,2025-01-01,56978.19,Gupta Steel & Hardware Corp,07AAAAA25352Z8,HSN 4819,INV/2025/28964
TXN-2025-00390,2025-02-03,12370.83,Delhi Distribution Network,07AAAAA36153Z4,HSN 5208,INV/2025/32871
TXN-2025-00391,2025-01-29,8969.5,Kapur Electronics,27BBBBB65141Z5,HSN 4819,INV/2025/13379
TXN-2025-00392,2025-02-03,36023.23,Tata Consultancy Services Ltd,07AAAAA14091Z9,HSN 5208,INV/2025/41186
TXN-2025-00393,2025-05-31,2000000.0,Verma Stationery Traders,27BBBBB92791Z5,HSN 8471,INV/2025/32838
TXN-2025-00394,2025-03-09,137510.94,Tata Consultancy Services Ltd,07AAAAA14091Z9,HSN 7208,INV/2025/65176
TXN-2025-00395,2025-05-15,71642.24,Reliance Industries Ltd,27BBBBB46572Z8,SAC 9965,INV/2025/18330
TXN-2025-00396,2025-05-02,13777.94,Aggarwal Auto Components,27BBBBB83591Z9,HSN 4819,INV/2025/57453
TXN-2025-00397,2025-05-12,3971.37,Global Enterprises,09CCCCC55522Z8,HSN 8471,INV/2025/69245
TXN-2025-00398,2025-05-09,85295.11,Sharma Logistics & Freight,33EEEEE79121Z5,SAC 9983,INV/2025/15683
TXN-2025-00399,2025-06-18,19642.68,Delhi Distribution Network,07AAAAA36153Z4,HSN 5208,INV/2025/70036
TXN-2025-00400,2025-06-14,75948.92,Tata Consultancy Services Ltd,07AAAAA14091Z9,HSN 8471,INV/2025/72781
TXN-2025-00401,2025-04-13,4471.92,Mehta Tech Solutions LLP,33EEEEE42573Z4,SAC 9965,INV/2025/24150
TXN-2025-00402,2025-05-06,12095.94,Singhania Textiles Pvt Ltd,07AAAAA72241Z5,HSN 2710,INV/2025/19632
TXN-2025-00403,2025-01-21,22142.27,Verma Stationery Traders,27BBBBB92791Z5,SAC 9983,INV/2025/29442
TXN-2025-00404,2025-01-17,23085.98,Infosys Limited,07AAAAA99351Z5,HSN 5208,INV/2025/91830
TXN-2025-00405,2025-06-12,14043.78,Global Enterprises,09CCCCC55522Z8,SAC 9983,INV/2025/52622
TXN-2025-00406,2025-04-08,763760.56,Global Enterprises,09CCCCC55522Z8,SAC 9983,INV/2025/48652
TXN-2025-00407,2025-04-27,7573.27,Delhi Distribution Network,07AAAAA36153Z4,SAC 9983,INV/2025/66387
TXN-2025-00408,2025-01-26,19103.38,Apex Packaging Solutions,09CCCCC66351Z9,SAC 9965,INV/2025/24996
TXN-2025-00409,2025-06-17,24842.11,Kapur Electronics,27BBBBB65141Z5,HSN 4819,INV/2025/82264
TXN-2025-00410,2025-02-25,36843.66,Mehta Tech Solutions LLP,33EEEEE42573Z4,HSN 2710,INV/2025/39949
TXN-2025-00411,2025-04-16,44874.05,Verma Stationery Traders,27BBBBB92791Z5,HSN 4819,INV/2025/69441
TXN-2025-00412,2025-04-13,7153.51,Mehta Tech Solutions LLP,33EEEEE42573Z4,SAC 9965,INV/2025/22463
TXN-2025-00413,2025-03-22,4749.93,Mehta Tech Solutions LLP,33EEEEE42573Z4,HSN 5208,INV/2025/97177
TXN-2025-00414,2025-03-07,79037.43,Verma Stationery Traders,27BBBBB92791Z5,HSN 7208,INV/2025/72163
TXN-2025-00415,2025-01-18,30709.09,Reliance Industries Ltd,27BBBBB46572Z8,HSN 4819,INV/2025/21188
TXN-2025-00416,2025-01-24,10420.32,Mehta Tech Solutions LLP,33EEEEE42573Z4,HSN 8471,INV/2025/58843
TXN-2025-00417,2025-02-03,185000.0,Delhi Distribution Network,07AAAAA36153Z4,UNCLASSIFIED,INV/2025/86869
TXN-2025-00418,2025-05-24,24727.58,Delhi Distribution Network,07AAAAA36153Z4,HSN 5208,INV/2025/97819
TXN-2025-00419,2025-02-01,71632.0,Mehta Tech Solutions LLP,33EEEEE42573Z4,HSN 5208,INV/2025/97207
TXN-2025-00420,2025-04-19,23565.02,Bharat Petroleum Dealer,07AAAAA85271Z5,SAC 9965,INV/2025/16743
TXN-2025-00421,2025-03-15,172948.29,Global Enterprises,09CCCCC55522Z8,HSN 5208,INV/2025/56090
TXN-2025-00422,2025-01-27,127432.34,Global Enterprises,09CCCCC55522Z8,SAC 9983,INV/2025/37884
TXN-2025-00423,2025-02-09,17172.01,Kapur Electronics,27BBBBB65141Z5,HSN 2710,INV/2025/39392
TXN-2025-00424,2025-01-28,58195.94,Verma Stationery Traders,27BBBBB92791Z5,HSN 4819,INV/2025/82910
TXN-2025-00425,2025-04-05,185000.0,Reliance Industries Ltd,27BBBBB46572Z8,UNCLASSIFIED,INV/2025/46512
TXN-2025-00426,2025-05-27,86563.33,Sharma Logistics & Freight,33EEEEE79121Z5,HSN 4819,INV/2025/66244
TXN-2025-00427,2025-05-24,8392.36,Apex Packaging Solutions,09CCCCC66351Z9,HSN 4819,INV/2025/91490
TXN-2025-00428,2025-06-07,43741.45,Kapur Electronics,27BBBBB65141Z5,SAC 9965,INV/2025/82972
TXN-2025-00429,2025-01-07,63476.47,Global Enterprises,09CCCCC55522Z8,SAC 9965,INV/2025/45054
TXN-2025-00430,2025-01-08,3794.32,Infosys Limited,07AAAAA99351Z5,HSN 5208,INV/2025/50499
TXN-2025-00431,2025-03-28,6746.25,Verma Stationery Traders,27BBBBB92791Z5,HSN 8471,INV/2025/33777
TXN-2025-00432,2025-02-06,2866.27,Global Enterprises,09CCCCC55522Z8,SAC 9965,INV/2025/62531
TXN-2025-00433,2025-01-18,16824.53,Infosys Limited,07AAAAA99351Z5,SAC 9965,INV/2025/92991
TXN-2025-00434,2025-01-08,45140.82,Reliance Industries Ltd,27BBBBB46572Z8,SAC 9965,INV/2025/79531
TXN-2025-00435,2025-02-25,98948.72,Mehta Tech Solutions LLP,33EEEEE42573Z4,HSN 2710,INV/2025/69460
TXN-2025-00436,2025-03-29,23720.5,Infosys Limited,07AAAAA99351Z5,HSN 5208,INV/2025/50846
TXN-2025-00437,2025-03-25,112264.79,Apex Packaging Solutions,09CCCCC66351Z9,SAC 9983,INV/2025/88148
TXN-2025-00438,2025-01-22,5540.82,Chawla IT Services,19DDDDD22911Z9,HSN 8471,INV/2025/30392
TXN-2025-00439,2025-02-10,4010.28,Apex Packaging Solutions,09CCCCC66351Z9,SAC 9983,INV/2025/16522
TXN-2025-00440,2025-06-22,20836.31,Reliance Industries Ltd,27BBBBB46572Z8,HSN 5208,INV/2025/68079
TXN-2025-00441,2025-06-19,32340.17,Mehta Tech Solutions LLP,33EEEEE42573Z4,HSN 2710,INV/2025/89570
TXN-2025-00442,2025-04-24,21317.96,Mehta Tech Solutions LLP,33EEEEE42573Z4,HSN 5208,INV/2025/38255
TXN-2025-00443,2025-05-12,2786.55,Reliance Industries Ltd,27BBBBB46572Z8,HSN 5208,INV/2025/66349
TXN-2025-00444,2025-01-29,20148.4,Gupta Steel & Hardware Corp,07AAAAA25352Z8,SAC 9965,INV/2025/98930
TXN-2025-00445,2025-06-01,5976.14,Aggarwal Auto Components,27BBBBB83591Z9,SAC 9983,INV/2025/97442
TXN-2025-00446,2025-03-20,43030.85,Tata Consultancy Services Ltd,07AAAAA14091Z9,HSN 7208,INV/2025/61807
TXN-2025-00447,2025-06-03,31780.18,Tata Consultancy Services Ltd,07AAAAA14091Z9,HSN 8471,INV/2025/36794
TXN-2025-00448,2025-03-19,8605.19,Sharma Logistics & Freight,33EEEEE79121Z5,HSN 4819,INV/2025/27987
TXN-2025-00449,2025-03-07,13175.75,Gupta Steel & Hardware Corp,07AAAAA25352Z8,HSN 5208,INV/2025/25726
TXN-2025-00450,2025-01-02,7637.2,Aggarwal Auto Components,27BBBBB83591Z9,SAC 9965,INV/2025/66446
TXN-2025-00451,2025-02-14,20688.24,Infosys Limited,07AAAAA99351Z5,HSN 2710,INV/2025/79806
TXN-2025-00452,2025-06-30,57247.68,Sharma Logistics & Freight,33EEEEE79121Z5,SAC 9983,INV/2025/83233
TXN-2025-00453,2025-06-21,8219.58,Apex Packaging Solutions,09CCCCC66351Z9,HSN 5208,INV/2025/19447
TXN-2025-00454,2025-04-12,36462.75,Bharat Petroleum Dealer,07AAAAA85271Z5,SAC 9965,INV/2025/15544
TXN-2025-00455,2025-04-22,12961.55,Tata Consultancy Services Ltd,07AAAAA14091Z9,HSN 2710,INV/2025/20205
TXN-2025-00456,2025-03-22,9967.92,Global Enterprises,09CCCCC55522Z8,HSN 2710,INV/2025/85156
TXN-2025-00457,2025-04-14,19790.74,Singhania Textiles Pvt Ltd,07AAAAA72241Z5,SAC 9965,INV/2025/64747
TXN-2025-00458,2025-03-16,7822.49,Reliance Industries Ltd,27BBBBB46572Z8,HSN 2710,INV/2025/12733
TXN-2025-00459,2025-03-25,12661.87,Infosys Limited,07AAAAA99351Z5,HSN 4819,INV/2025/91018
TXN-2025-00460,2025-04-28,6648.34,Bharat Petroleum Dealer,07AAAAA85271Z5,SAC 9965,INV/2025/57428
TXN-2025-00461,2025-01-23,157113.72,Mehta Tech Solutions LLP,33EEEEE42573Z4,HSN 4819,INV/2025/23875
TXN-2025-00462,2025-03-04,22817.05,Mehta Tech Solutions LLP,33EEEEE42573Z4,SAC 9983,INV/2025/62487
TXN-2025-00463,2025-05-15,10941.02,Reliance Industries Ltd,27BBBBB46572Z8,HSN 2710,INV/2025/50668
TXN-2025-00464,2025-03-28,27281.93,Sharma Logistics & Freight,33EEEEE79121Z5,HSN 5208,INV/2025/32037
TXN-2025-00465,2025-01-20,19686.18,Delhi Distribution Network,07AAAAA36153Z4,SAC 9965,INV/2025/24945
TXN-2025-00466,2025-05-16,17659.52,Delhi Distribution Network,07AAAAA36153Z4,HSN 7208,INV/2025/55793
TXN-2025-00467,2025-03-31,40707.46,Singhania Textiles Pvt Ltd,07AAAAA72241Z5,HSN 4819,INV/2025/94599
TXN-2025-00468,2025-02-07,185000.0,Sharma Logistics & Freight,33EEEEE79121Z5,UNCLASSIFIED,INV/2025/29194
TXN-2025-00469,2025-03-07,12958.39,Sharma Logistics & Freight,33EEEEE79121Z5,HSN 7208,INV/2025/88957
TXN-2025-00470,2025-02-09,12384.26,Apex Packaging Solutions,09CCCCC66351Z9,HSN 4819,INV/2025/95918
TXN-2025-00471,2025-01-20,16729.82,Infosys Limited,07AAAAA99351Z5,HSN 4819,INV/2025/92306
TXN-2025-00472,2025-05-07,2204.11,Aggarwal Auto Components,27BBBBB83591Z9,HSN 4819,INV/2025/83889
TXN-2025-00473,2025-05-29,4840.67,Aggarwal Auto Components,27BBBBB83591Z9,SAC 9965,INV/2025/83989
TXN-2025-00474,2025-06-14,86411.35,Kapur Electronics,27BBBBB65141Z5,SAC 9983,INV/2025/52363
TXN-2025-00475,2025-06-10,114115.65,Verma Stationery Traders,27BBBBB92791Z5,HSN 7208,INV/2025/67640
TXN-2025-00476,2025-01-18,17170.77,Aggarwal Auto Components,27BBBBB83591Z9,HSN 2710,INV/2025/92756
TXN-2025-00477,2025-03-19,39204.9,Apex Packaging Solutions,09CCCCC66351Z9,HSN 5208,INV/2025/87518
TXN-2025-00478,2025-01-15,30069.0,Verma Stationery Traders,27BBBBB92791Z5,SAC 9983,INV/2025/19724
TXN-2025-00479,2025-03-21,478724.62,Aggarwal Auto Components,27BBBBB83591Z9,HSN 2710,INV/2025/14929
TXN-2025-00480,2025-01-15,67479.22,Verma Stationery Traders,27BBBBB92791Z5,HSN 4819,INV/2025/47627
TXN-2025-00481,2025-01-20,19381.66,Kapur Electronics,27BBBBB65141Z5,HSN 4819,INV/2025/21835
TXN-2025-00482,2025-06-07,8471.47,Global Enterprises,09CCCCC55522Z8,SAC 9983,INV/2025/60394
TXN-2025-00483,2025-04-29,4418.49,Global Enterprises,09CCCCC55522Z8,SAC 9983,INV/2025/15376
TXN-2025-00484,2025-04-26,26996.53,Chawla IT Services,19DDDDD22911Z9,HSN 4819,INV/2025/84928
TXN-2025-00485,2025-06-16,1000000.0,Sharma Logistics & Freight,33EEEEE79121Z5,HSN 5208,INV/2025/89299
TXN-2025-00486,2025-05-02,185000.0,Delhi Distribution Network,07AAAAA36153Z4,UNCLASSIFIED,INV/2025/18109
TXN-2025-00487,2025-06-07,11538.3,Reliance Industries Ltd,09CCCCC55522Z8,HSN 4819,INV/2025/60394
TXN-2025-00488,2025-01-22,7468.52,Delhi Distribution Network,07AAAAA36153Z4,SAC 9965,INV/2025/32617
TXN-2025-00489,2025-01-11,119031.28,Sharma Logistics & Freight,33EEEEE79121Z5,SAC 9965,INV/2025/67377
TXN-2025-00490,2025-04-23,53190.75,Delhi Distribution Network,07AAAAA36153Z4,SAC 9983,INV/2025/89928
TXN-2025-00491,2025-02-10,21851.55,Verma Stationery Traders,27BBBBB92791Z5,HSN 5208,INV/2025/47079
TXN-2025-00492,2025-04-10,96755.66,Mehta Tech Solutions LLP,33EEEEE42573Z4,HSN 4819,INV/2025/54350
TXN-2025-00493,2025-06-23,23798.27,Global Enterprises,09CCCCC55522Z8,HSN 8471,INV/2025/92691
TXN-2025-00494,2025-06-15,9308.8,Verma Stationery Traders,27BBBBB92791Z5,HSN 8471,INV/2025/53213
TXN-2025-00495,2025-01-25,101025.08,Delhi Distribution Network,07AAAAA36153Z4,SAC 9965,INV/2025/60667
TXN-2025-00496,2025-03-14,37756.39,Gupta Steel & Hardware Corp,07AAAAA25352Z8,SAC 9965,INV/2025/96057
TXN-2025-00497,2025-06-04,7806.83,Bharat Petroleum Dealer,07AAAAA85271Z5,HSN 7208,INV/2025/53694
TXN-2025-00498,2025-01-21,18208.82,Global Enterprises,09CCCCC55522Z8,SAC 9965,INV/2025/28537
TXN-2025-00499,2025-03-31,9176.32,Gupta Steel & Hardware Corp,07AAAAA25352Z8,SAC 9965,INV/2025/96787
TXN-2025-00500,2025-04-11,5525.89,Infosys Limited,07AAAAA99351Z5,SAC 9983,INV/2025/21104
