transaction_id,txn_date,amount,party_name,gstin,category,invoice_number,is_tds_deducted,is_anomaly
TXN-2025-00001,2025-06-13,19878.05,Singhania Textiles Pvt Ltd,27BBBBB2654P5Z8,SAC 9983,INV/2025/38785,True,0
TXN-2025-00002,2025-06-25,11960.78,Verma Stationery Traders,27BBBBB7924C5Z3,HSN 4819,INV/2025/17331,True,0
TXN-2025-00003,2025-02-28,22429.91,Bharat Petroleum Dealer,09CCCCC2169F3Z9,HSN 8471,INV/2025/51347,True,0
TXN-2025-00004,2025-04-13,45180.64,Gupta Steel & Hardware Corp,19DDDDD4611P5Z1,HSN 8471,INV/2025/37653,True,0
TXN-2025-00005,2025-05-26,11077.57,Chawla IT Services,27BBBBB3677P7Z5,SAC 9965,INV/2025/51245,True,0
TXN-2025-00006,2025-02-24,11077.71,Kapur Electronics,07AAAAA1750B5Z2,HSN 2710,INV/2025/61856,True,0
TXN-2025-00007,2025-06-14,47257.67,Aggarwal Auto Components,07AAAAA6881C5Z1,HSN 7208,INV/2025/44718,True,0
TXN-2025-00008,2025-02-05,24684.92,Sharma Logistics & Freight,33EEEEE1434F4Z9,SAC 9965,INV/2025/83579,True,0
TXN-2025-00009,2025-05-18,9176.68,Gupta Steel & Hardware Corp,19DDDDD4611P5Z1,SAC 9965,INV/2025/86622,True,0
TXN-2025-00010,2025-04-20,20620.64,Chawla IT Services,27BBBBB3677P7Z5,SAC 9983,INV/2025/62350,True,0
TXN-2025-00011,2025-04-03,9221.25,Sharma Logistics & Freight,33EEEEE1434F4Z9,HSN 7208,INV/2025/76784,True,0
TXN-2025-00012,2025-05-07,9204.21,Reliance Industries Ltd,27BBBBB2679F2Z7,HSN 4819,INV/2025/16175,True,0
TXN-2025-00013,2025-01-29,16213.02,Infosys Limited,07AAAAA1488A4Z4,SAC 9965,INV/2025/30969,True,0
TXN-2025-00014,2025-06-24,2891.05,Mehta Tech Solutions LLP,27BBBBB6514A2Z7,SAC 9983,INV/2025/18326,True,0
TXN-2025-00015,2025-04-09,3361.24,Mehta Tech Solutions LLP,27BBBBB6514A2Z7,SAC 9983,INV/2025/71348,True,0
TXN-2025-00016,2025-05-16,8519.99,Gupta Steel & Hardware Corp,19DDDDD4611P5Z1,SAC 9983,INV/2025/11504,True,0
TXN-2025-00017,2025-06-24,5941.61,Singhania Textiles Pvt Ltd,27BBBBB2654P5Z8,HSN 8471,INV/2025/99353,True,0
TXN-2025-00018,2025-05-18,17178.22,Apex Packaging Solutions,09CCCCC3664C6Z4,HSN 5208,INV/2025/94012,True,0
TXN-2025-00019,2025-03-29,6461.27,Reliance Industries Ltd,27BBBBB2679F2Z7,HSN 5208,INV/2025/66985,True,0
TXN-2025-00020,2025-02-10,120000.0,Aggarwal Auto Components,07AAAAA6881C5Z1,SAC 9983,INV/2025/44522,False,1
TXN-2025-00021,2025-05-09,43153.51,Apex Packaging Solutions,09CCCCC3664C6Z4,HSN 7208,INV/2025/76542,True,0
TXN-2025-00022,2025-01-28,11152.05,Bharat Petroleum Dealer,09CCCCC2169F3Z9,SAC 9965,INV/2025/49117,True,0
TXN-2025-00023,2025-06-13,1500000.0,Delhi Distribution Network,19DDDDD9785A7Z2,SAC 9983,INV/2025/36071,True,1
TXN-2025-00024,2025-02-09,4273.56,Verma Stationery Traders,27BBBBB7924C5Z3,HSN 4819,INV/2025/31174,True,0
TXN-2025-00025,2025-05-19,8642.9,Apex Packaging Solutions,09CCCCC3664C6Z4,SAC 9983,INV/2025/10074,True,0
TXN-2025-00026,2025-06-03,14599.43,Verma Stationery Traders,27BBBBB7924C5Z3,HSN 2710,INV/2025/12552,True,0
TXN-2025-00027,2025-01-29,5319.88,Chawla IT Services,27BBBBB3677P7Z5,HSN 5208,INV/2025/50306,True,0
TXN-2025-00028,2025-03-03,18043.82,Tata Consultancy Services Ltd,07AAAAA1409C4Z4,HSN 7208,INV/2025/84364,True,0
TXN-2025-00029,2025-01-21,8262.55,Reliance Industries Ltd,27BBBBB2679F2Z7,SAC 9965,INV/2025/73699,True,0
TXN-2025-00030,2025-01-18,10579.2,Apex Packaging Solutions,09CCCCC3664C6Z4,SAC 9983,INV/2025/26483,True,0
TXN-2025-00031,2025-02-02,8255.5,Kapur Electronics,07AAAAA1750B5Z2,HSN 2710,INV/2025/82063,True,0
TXN-2025-00032,2025-02-12,58795.61,Gupta Steel & Hardware Corp,19DDDDD4611P5Z1,SAC 9983,INV/2025/89507,True,0
TXN-2025-00033,2025-04-19,13216.25,Sharma Logistics & Freight,33EEEEE1434F4Z9,SAC 9983,INV/2025/36365,True,0
TXN-2025-00034,2025-03-21,5732.07,Mehta Tech Solutions LLP,27BBBBB6514A2Z7,SAC 9965,INV/2025/95180,True,0
TXN-2025-00035,2025-04-06,25797.58,Aggarwal Auto Components,07AAAAA6881C5Z1,SAC 9983,INV/2025/69177,True,0
TXN-2025-00036,2025-01-31,5030.75,Sharma Logistics & Freight,33EEEEE1434F4Z9,HSN 7208,INV/2025/18392,True,0
TXN-2025-00037,2025-03-28,15789.35,Tata Consultancy Services Ltd,07AAAAA1409C4Z4,SAC 9983,INV/2025/82603,True,0
TXN-2025-00038,2025-02-28,2785.73,Global Enterprises,33EEEEE5803F6Z4,HSN 7208,INV/2025/10942,True,0
TXN-2025-00039,2025-01-19,4616.77,Singhania Textiles Pvt Ltd,27BBBBB2654P5Z8,SAC 9965,INV/2025/17716,True,0
TXN-2025-00040,2025-02-28,15638.47,Reliance Industries Ltd,27BBBBB2679F2Z7,HSN 8471,INV/2025/53309,True,0
TXN-2025-00041,2025-01-19,24119.44,Delhi Distribution Network,19DDDDD9785A7Z2,HSN 7208,INV/2025/46500,True,0
TXN-2025-00042,2025-06-21,15322.76,Aggarwal Auto Components,07AAAAA6881C5Z1,HSN 7208,INV/2025/80678,True,0
TXN-2025-00043,2025-02-03,12179.16,Singhania Textiles Pvt Ltd,27BBBBB2654P5Z8,SAC 9983,INV/2025/85525,True,0
TXN-2025-00044,2025-05-02,10499.86,Sharma Logistics & Freight,33EEEEE1434F4Z9,HSN 4819,INV/2025/71993,True,0
TXN-2025-00045,2025-04-15,4093.61,Sharma Logistics & Freight,33EEEEE1434F4Z9,HSN 8471,INV/2025/22704,True,0
TXN-2025-00046,2025-06-18,7511.01,Mehta Tech Solutions LLP,27BBBBB6514A2Z7,HSN 5208,INV/2025/65519,True,0
TXN-2025-00047,2025-04-16,9241.77,Aggarwal Auto Components,07AAAAA6881C5Z1,HSN 4819,INV/2025/17100,True,0
TXN-2025-00048,2025-06-22,31122.86,Kapur Electronics,07AAAAA1750B5Z2,SAC 9965,INV/2025/22899,True,0
TXN-2025-00049,2025-01-16,17586.64,Mehta Tech Solutions LLP,27BBBBB6514A2Z7,SAC 9965,INV/2025/54473,True,0
TXN-2025-00050,2025-01-28,3260.28,Sharma Logistics & Freight,33EEEEE1434F4Z9,HSN 7208,INV/2025/34931,True,0
TXN-2025-00051,2025-05-18,17313.94,Aggarwal Auto Components,07AAAAA6881C5Z1,HSN 7208,INV/2025/65296,True,0
TXN-2025-00052,2025-02-16,9817.62,Gupta Steel & Hardware Corp,19DDDDD4611P5Z1,HSN 2710,INV/2025/42742,True,0
TXN-2025-00053,2025-01-20,7773.4,Aggarwal Auto Components,07AAAAA6881C5Z1,HSN 4819,INV/2025/82132,True,0
TXN-2025-00054,2025-01-26,21792.93,Tata Consultancy Services Ltd,07AAAAA1409C4Z4,SAC 9965,INV/2025/80855,True,0
TXN-2025-00055,2025-01-04,30479.2,Reliance Industries Ltd,27BBBBB2679F2Z7,HSN 4819,INV/2025/40982,True,0
TXN-2025-00056,2025-02-12,28142.16,Mehta Tech Solutions LLP,27BBBBB6514A2Z7,HSN 2710,INV/2025/73092,True,0
TXN-2025-00057,2025-02-24,6826.9,Bharat Petroleum Dealer,09CCCCC2169F3Z9,HSN 2710,INV/2025/17685,True,0
TXN-2025-00058,2025-02-12,10431.97,Mehta Tech Solutions LLP,27BBBBB6514A2Z7,HSN 8471,INV/2025/61173,True,0
TXN-2025-00059,2025-03-09,17413.67,Chawla IT Services,27BBBBB3677P7Z5,HSN 4819,INV/2025/69638,True,0
TXN-2025-00060,2025-03-15,29156.59,Mehta Tech Solutions LLP,27BBBBB6514A2Z7,SAC 9965,INV/2025/82845,True,0
TXN-2025-00061,2025-06-19,9105.74,Singhania Textiles Pvt Ltd,27BBBBB2654P5Z8,HSN 2710,INV/2025/30289,True,0
TXN-2025-00062,2025-02-18,11515.77,Gupta Steel & Hardware Corp,19DDDDD4611P5Z1,HSN 7208,INV/2025/17665,True,0
TXN-2025-00063,2025-05-29,5513.37,Singhania Textiles Pvt Ltd,27BBBBB2654P5Z8,SAC 9983,INV/2025/17989,True,0
TXN-2025-00064,2025-03-22,5130.89,Tata Consultancy Services Ltd,07AAAAA1409C4Z4,HSN 8471,INV/2025/86569,True,0
TXN-2025-00065,2025-05-03,25591.63,Delhi Distribution Network,19DDDDD9785A7Z2,HSN 4819,INV/2025/79615,True,0
TXN-2025-00066,2025-02-10,39536.99,Tata Consultancy Services Ltd,07AAAAA1409C4Z4,SAC 9983,INV/2025/20500,True,0
TXN-2025-00067,2025-02-17,12611.85,Reliance Industries Ltd,27BBBBB2679F2Z7,SAC 9983,INV/2025/18907,True,0
TXN-2025-00068,2025-06-22,250000.0,Bharat Petroleum Dealer,09CCCCC2169F3Z9,CASH PAYMENT,INV/2025/62923,True,1
TXN-2025-00069,2025-01-31,17841.97,Chawla IT Services,27BBBBB3677P7Z5,SAC 9983,INV/2025/42271,True,0
TXN-2025-00070,2025-05-29,7973.7,Global Enterprises,33EEEEE5803F6Z4,HSN 8471,INV/2025/91183,True,0
TXN-2025-00071,2025-01-21,17838.54,Mehta Tech Solutions LLP,27BBBBB6514A2Z7,SAC 9965,INV/2025/86503,True,0
TXN-2025-00072,2025-05-25,45726.32,Delhi Distribution Network,19DDDDD9785A7Z2,HSN 5208,INV/2025/44179,True,0
TXN-2025-00073,2025-02-22,12982.26,Kapur Electronics,07AAAAA1750B5Z2,SAC 9965,INV/2025/51180,True,0
TXN-2025-00074,2025-03-03,46710.06,Gupta Steel & Hardware Corp,19DDDDD4611P5Z1,HSN 2710,INV/2025/27154,True,0
TXN-2025-00075,2025-06-21,1642.88,Kapur Electronics,07AAAAA1750B5Z2,HSN 5208,INV/2025/69929,True,0
TXN-2025-00076,2025-03-22,25784.32,Chawla IT Services,27BBBBB3677P7Z5,HSN 4819,INV/2025/19508,True,0
TXN-2025-00077,2025-01-03,14323.23,Aggarwal Auto Components,07AAAAA6881C5Z1,SAC 9983,INV/2025/83792,True,0
TXN-2025-00078,2025-01-26,10517.48,Reliance Industries Ltd,27BBBBB2679F2Z7,SAC 9983,INV/2025/37938,True,0
TXN-2025-00079,2025-05-10,14377.34,Gupta Steel & Hardware Corp,07INVALIDGSTIN12,HSN 7208,INV/2025/55745,True,1
TXN-2025-00080,2025-01-18,2724.24,Chawla IT Services,27BBBBB3677P7Z5,HSN 7208,INV/2025/58434,True,0
TXN-2025-00081,2025-03-14,11206.65,Infosys Limited,07AAAAA1488A4Z4,HSN 2710,INV/2025/81200,True,0
TXN-2025-00082,2025-06-30,17777.52,Gupta Steel & Hardware Corp,19DDDDD4611P5Z1,SAC 9983,INV/2025/95717,True,0
TXN-2025-00083,2025-05-16,43578.33,Tata Consultancy Services Ltd,07AAAAA1409C4Z4,SAC 9965,INV/2025/82692,True,0
TXN-2025-00084,2025-05-10,8825.35,Chawla IT Services,07INVALIDGSTIN12,SAC 9965,INV/2025/55745,True,1
TXN-2025-00085,2025-02-04,250000.0,Gupta Steel & Hardware Corp,19DDDDD4611P5Z1,CASH PAYMENT,INV/2025/24029,True,1
TXN-2025-00086,2025-05-22,8942.71,Infosys Limited,07AAAAA1488A4Z4,HSN 5208,INV/2025/46930,True,0
TXN-2025-00087,2025-06-04,27786.95,Sharma Logistics & Freight,33EEEEE1434F4Z9,SAC 9965,INV/2025/54942,True,0
TXN-2025-00088,2025-02-22,17378.71,Kapur Electronics,07AAAAA1750B5Z2,SAC 9965,INV/2025/44600,True,0
TXN-2025-00089,2025-05-10,8744.6,Aggarwal Auto Components,07AAAAA6881C5Z1,HSN 5208,INV/2025/16658,True,0
TXN-2025-00090,2025-01-24,20143.04,Kapur Electronics,07AAAAA1750B5Z2,HSN 2710,INV/2025/46265,True,0
TXN-2025-00091,2025-01-12,14438.62,Tata Consultancy Services Ltd,07AAAAA1409C4Z4,HSN 5208,INV/2025/27146,True,0
TXN-2025-00092,2025-06-13,28996.08,Gupta Steel & Hardware Corp,19DDDDD4611P5Z1,HSN 7208,INV/2025/67912,True,0
TXN-2025-00093,2025-05-22,250000.0,Singhania Textiles Pvt Ltd,27BBBBB2654P5Z8,CASH PAYMENT,INV/2025/83519,True,1
TXN-2025-00094,2025-01-03,10279.12,Reliance Industries Ltd,27BBBBB2679F2Z7,HSN 8471,INV/2025/29536,True,0
TXN-2025-00095,2025-05-20,9762.59,Tata Consultancy Services Ltd,07AAAAA1409C4Z4,HSN 4819,INV/2025/58393,True,0
TXN-2025-00096,2025-05-30,4143.05,Delhi Distribution Network,19DDDDD9785A7Z2,HSN 7208,INV/2025/66333,True,0
TXN-2025-00097,2025-02-02,16930.91,Tata Consultancy Services Ltd,07AAAAA1409C4Z4,HSN 5208,INV/2025/57795,True,0
TXN-2025-00098,2025-01-11,16462.56,Chawla IT Services,27BBBBB3677P7Z5,HSN 5208,INV/2025/37535,True,0
TXN-2025-00099,2025-06-24,13414.49,Sharma Logistics & Freight,33EEEEE1434F4Z9,SAC 9965,INV/2025/23473,True,0
TXN-2025-00100,2025-04-01,11073.72,Apex Packaging Solutions,09CCCCC3664C6Z4,SAC 9983,INV/2025/63264,True,0
TXN-2025-00101,2025-06-08,4305.74,Singhania Textiles Pvt Ltd,27BBBBB2654P5Z8,HSN 7208,INV/2025/41029,True,0
TXN-2025-00102,2025-02-11,9542.24,Apex Packaging Solutions,09CCCCC3664C6Z4,HSN 4819,INV/2025/33206,True,0
TXN-2025-00103,2025-04-16,10156.09,Tata Consultancy Services Ltd,07AAAAA1409C4Z4,HSN 7208,INV/2025/53540,True,0
TXN-2025-00104,2025-04-16,7031.66,Apex Packaging Solutions,09CCCCC3664C6Z4,SAC 9965,INV/2025/42527,True,0
TXN-2025-00105,2025-03-10,11742.52,Infosys Limited,07AAAAA1488A4Z4,HSN 4819,INV/2025/24168,True,0
TXN-2025-00106,2025-04-08,18457.77,Bharat Petroleum Dealer,09CCCCC2169F3Z9,HSN 8471,INV/2025/71694,True,0
TXN-2025-00107,2025-02-26,60412.34,Sharma Logistics & Freight,33EEEEE1434F4Z9,HSN 4819,INV/2025/70332,True,0
TXN-2025-00108,2025-03-31,15362.15,Gupta Steel & Hardware Corp,19DDDDD4611P5Z1,HSN 4819,INV/2025/39831,True,0
TXN-2025-00109,2025-02-27,16416.47,Tata Consultancy Services Ltd,07AAAAA1409C4Z4,SAC 9965,INV/2025/35313,True,0
TXN-2025-00110,2025-04-13,12587.3,Verma Stationery Traders,27BBBBB7924C5Z3,HSN 5208,INV/2025/19099,True,0
TXN-2025-00111,2025-03-13,2878.38,Verma Stationery Traders,27BBBBB7924C5Z3,SAC 9965,INV/2025/76768,True,0
TXN-2025-00112,2025-04-13,13079.34,Kapur Electronics,07AAAAA1750B5Z2,HSN 4819,INV/2025/80282,True,0
TXN-2025-00113,2025-03-26,14019.22,Tata Consultancy Services Ltd,07AAAAA1409C4Z4,HSN 8471,INV/2025/44237,True,0
TXN-2025-00114,2025-02-15,95855.17,Global Enterprises,33EEEEE5803F6Z4,HSN 5208,INV/2025/15014,True,0
TXN-2025-00115,2025-01-28,11454.19,Global Enterprises,33EEEEE5803F6Z4,HSN 2710,INV/2025/55309,True,0
TXN-2025-00116,2025-03-22,17004.58,Mehta Tech Solutions LLP,27BBBBB6514A2Z7,SAC 9983,INV/2025/77033,True,0
TXN-2025-00117,2025-01-30,12993.84,Mehta Tech Solutions LLP,27BBBBB6514A2Z7,SAC 9983,INV/2025/34914,True,0
TXN-2025-00118,2025-03-07,5245.14,Tata Consultancy Services Ltd,07AAAAA1409C4Z4,SAC 9965,INV/2025/67154,True,0
TXN-2025-00119,2025-01-01,33331.5,Delhi Distribution Network,19DDDDD9785A7Z2,HSN 4819,INV/2025/80575,True,0
TXN-2025-00120,2025-06-25,24380.68,Singhania Textiles Pvt Ltd,27BBBBB2654P5Z8,SAC 9965,INV/2025/97900,True,0
TXN-2025-00121,2025-02-20,25155.34,Verma Stationery Traders,27BBBBB7924C5Z3,HSN 2710,INV/2025/19171,True,0
TXN-2025-00122,2025-06-20,6454.22,Chawla IT Services,27BBBBB3677P7Z5,HSN 5208,INV/2025/91678,True,0
TXN-2025-00123,2025-03-22,41037.25,Kapur Electronics,07AAAAA1750B5Z2,HSN 4819,INV/2025/26334,True,0
TXN-2025-00124,2025-03-18,4352.56,Delhi Distribution Network,19DDDDD9785A7Z2,HSN 5208,INV/2025/97410,True,0
TXN-2025-00125,2025-04-15,21364.49,Verma Stationery Traders,27BBBBB7924C5Z3,HSN 2710,INV/2025/48752,True,0
TXN-2025-00126,2025-05-22,77061.92,Infosys Limited,07AAAAA1488A4Z4,HSN 7208,INV/2025/65108,True,0
TXN-2025-00127,2025-06-20,6048.53,Mehta Tech Solutions LLP,27BBBBB6514A2Z7,SAC 9965,INV/2025/32810,True,0
TXN-2025-00128,2025-06-07,8492.7,Global Enterprises,33EEEEE5803F6Z4,HSN 5208,INV/2025/63225,True,0
TXN-2025-00129,2025-05-21,14468.38,Bharat Petroleum Dealer,09CCCCC2169F3Z9,HSN 8471,INV/2025/49829,True,0
TXN-2025-00130,2025-03-15,8930.43,Sharma Logistics & Freight,33EEEEE1434F4Z9,HSN 2710,INV/2025/86019,True,0
TXN-2025-00131,2025-06-05,3864.04,Kapur Electronics,07AAAAA1750B5Z2,HSN 5208,INV/2025/70946,True,0
TXN-2025-00132,2025-04-24,14112.98,Aggarwal Auto Components,07AAAAA6881C5Z1,SAC 9965,INV/2025/38010,True,0
TXN-2025-00133,2025-05-11,5711.04,Aggarwal Auto Components,07AAAAA6881C5Z1,HSN 4819,INV/2025/32241,True,0
TXN-2025-00134,2025-06-18,19513.74,Reliance Industries Ltd,27BBBBB2679F2Z7,HSN 5208,INV/2025/77561,True,0
TXN-2025-00135,2025-06-19,6402.61,Kapur Electronics,07AAAAA1750B5Z2,SAC 9983,INV/2025/53933,True,0
TXN-2025-00136,2025-01-24,46163.63,Bharat Petroleum Dealer,09CCCCC2169F3Z9,HSN 4819,INV/2025/40784,True,0
TXN-2025-00137,2025-06-22,7139.5,Gupta Steel & Hardware Corp,19DDDDD4611P5Z1,HSN 7208,INV/2025/36100,True,0
TXN-2025-00138,2025-02-07,10325.28,Tata Consultancy Services Ltd,07AAAAA1409C4Z4,HSN 8471,INV/2025/42092,True,0
TXN-2025-00139,2025-05-02,25611.94,Global Enterprises,33EEEEE5803F6Z4,HSN 4819,INV/2025/19545,True,0
TXN-2025-00140,2025-04-27,4990.59,Mehta Tech Solutions LLP,27BBBBB6514A2Z7,SAC 9965,INV/2025/85454,True,0
TXN-2025-00141,2025-02-19,16026.0,Singhania Textiles Pvt Ltd,27BBBBB2654P5Z8,SAC 9965,INV/2025/60328,True,0
TXN-2025-00142,2025-05-07,38014.17,Mehta Tech Solutions LLP,27BBBBB6514A2Z7,HSN 7208,INV/2025/29342,True,0
TXN-2025-00143,2025-06-17,3692.33,Singhania Textiles Pvt Ltd,27BBBBB2654P5Z8,HSN 8471,INV/2025/23970,True,0
TXN-2025-00144,2025-04-19,15486.24,Sharma Logistics & Freight,33EEEEE1434F4Z9,HSN 7208,INV/2025/77889,True,0
TXN-2025-00145,2025-04-29,16447.13,Tata Consultancy Services Ltd,07AAAAA1409C4Z4,SAC 9983,INV/2025/42662,True,0
TXN-2025-00146,2025-02-01,24970.7,Aggarwal Auto Components,07AAAAA6881C5Z1,HSN 7208,INV/2025/70901,True,0
TXN-2025-00147,2025-06-20,4966.34,Delhi Distribution Network,19DDDDD9785A7Z2,SAC 9983,INV/2025/88047,True,0
TXN-2025-00148,2025-03-23,4645.41,Apex Packaging Solutions,09CCCCC3664C6Z4,HSN 2710,INV/2025/90301,True,0
TXN-2025-00149,2025-05-10,20283.3,Mehta Tech Solutions LLP,27BBBBB6514A2Z7,HSN 4819,INV/2025/81810,True,0
TXN-2025-00150,2025-04-25,16942.62,Chawla IT Services,27BBBBB3677P7Z5,HSN 7208,INV/2025/72216,True,0
TXN-2025-00151,2025-04-26,16324.04,Gupta Steel & Hardware Corp,19DDDDD4611P5Z1,HSN 4819,INV/2025/42406,True,0
TXN-2025-00152,2025-06-13,17626.5,Gupta Steel & Hardware Corp,19DDDDD4611P5Z1,HSN 4819,INV/2025/78327,True,0
TXN-2025-00153,2025-05-05,7754.12,Kapur Electronics,07AAAAA1750B5Z2,HSN 7208,INV/2025/45992,True,0
TXN-2025-00154,2025-04-23,16087.58,Reliance Industries Ltd,27BBBBB2679F2Z7,SAC 9965,INV/2025/47450,True,0
TXN-2025-00155,2025-03-02,16889.68,Gupta Steel & Hardware Corp,19DDDDD4611P5Z1,HSN 5208,INV/2025/51904,True,0
TXN-2025-00156,2025-05-19,7544.08,Reliance Industries Ltd,27BBBBB2679F2Z7,HSN 7208,INV/2025/29769,True,0
TXN-2025-00157,2025-03-01,59433.87,Mehta Tech Solutions LLP,27BBBBB6514A2Z7,SAC 9965,INV/2025/30028,True,0
TXN-2025-00158,2025-06-30,19517.49,Sharma Logistics & Freight,33EEEEE1434F4Z9,HSN 8471,INV/2025/64377,True,0
TXN-2025-00159,2025-04-15,5151.06,Verma Stationery Traders,27BBBBB7924C5Z3,SAC 9983,INV/2025/71069,True,0
TXN-2025-00160,2025-04-17,22589.55,Tata Consultancy Services Ltd,07AAAAA1409C4Z4,HSN 7208,INV/2025/65069,True,0
TXN-2025-00161,2025-04-10,6125.74,Chawla IT Services,27BBBBB3677P7Z5,HSN 4819,INV/2025/86556,True,0
TXN-2025-00162,2025-06-28,25076.03,Tata Consultancy Services Ltd,07AAAAA1409C4Z4,HSN 4819,INV/2025/85456,True,0
TXN-2025-00163,2025-04-08,33754.75,Aggarwal Auto Components,07AAAAA6881C5Z1,HSN 8471,INV/2025/56105,True,0
TXN-2025-00164,2025-03-18,6928.88,Apex Packaging Solutions,09CCCCC3664C6Z4,HSN 2710,INV/2025/64921,True,0
TXN-2025-00165,2025-05-18,28874.12,Singhania Textiles Pvt Ltd,27BBBBB2654P5Z8,SAC 9965,INV/2025/81582,True,0
TXN-2025-00166,2025-06-04,18587.13,Chawla IT Services,27BBBBB3677P7Z5,HSN 7208,INV/2025/73993,True,0
TXN-2025-00167,2025-02-26,25787.58,Gupta Steel & Hardware Corp,19DDDDD4611P5Z1,HSN 2710,INV/2025/73654,True,0
TXN-2025-00168,2025-01-08,60927.16,Mehta Tech Solutions LLP,27BBBBB6514A2Z7,HSN 5208,INV/2025/97670,True,0
TXN-2025-00169,2025-06-23,10978.45,Apex Packaging Solutions,09CCCCC3664C6Z4,HSN 2710,INV/2025/31632,True,0
TXN-2025-00170,2025-04-30,7310.09,Chawla IT Services,27BBBBB3677P7Z5,HSN 7208,INV/2025/91560,True,0
TXN-2025-00171,2025-05-17,6557.66,Tata Consultancy Services Ltd,07AAAAA1409C4Z4,HSN 2710,INV/2025/87580,True,0
TXN-2025-00172,2025-05-25,6955.94,Kapur Electronics,07AAAAA1750B5Z2,HSN 8471,INV/2025/21003,True,0
TXN-2025-00173,2025-06-14,1500000.0,Mehta Tech Solutions LLP,27BBBBB6514A2Z7,HSN 7208,INV/2025/70515,True,1
TXN-2025-00174,2025-02-16,17551.97,Tata Consultancy Services Ltd,07AAAAA1409C4Z4,HSN 5208,INV/2025/59689,True,0
TXN-2025-00175,2025-03-25,16669.78,Sharma Logistics & Freight,33EEEEE1434F4Z9,HSN 2710,INV/2025/52840,True,0
TXN-2025-00176,2025-03-28,25893.48,Apex Packaging Solutions,09CCCCC3664C6Z4,HSN 2710,INV/2025/46471,True,0
TXN-2025-00177,2025-04-18,13499.41,Gupta Steel & Hardware Corp,19DDDDD4611P5Z1,HSN 4819,INV/2025/20735,True,0
TXN-2025-00178,2025-05-01,42737.3,Tata Consultancy Services Ltd,07AAAAA1409C4Z4,SAC 9965,INV/2025/80702,True,0
TXN-2025-00179,2025-01-14,10810.51,Verma Stationery Traders,27BBBBB7924C5Z3,HSN 7208,INV/2025/95215,True,0
TXN-2025-00180,2025-01-18,117728.37,Apex Packaging Solutions,09CCCCC3664C6Z4,SAC 9965,INV/2025/15276,True,0
TXN-2025-00181,2025-01-08,22038.23,Sharma Logistics & Freight,33EEEEE1434F4Z9,HSN 7208,INV/2025/12671,True,0
TXN-2025-00182,2025-06-09,6729.62,Infosys Limited,07AAAAA1488A4Z4,HSN 7208,INV/2025/26544,True,0
TXN-2025-00183,2025-05-02,5671.94,Kapur Electronics,07AAAAA1750B5Z2,HSN 8471,INV/2025/83920,True,0
TXN-2025-00184,2025-02-25,19652.86,Aggarwal Auto Components,07AAAAA6881C5Z1,SAC 9965,INV/2025/43586,True,0
TXN-2025-00185,2025-04-05,11172.71,Infosys Limited,07AAAAA1488A4Z4,SAC 9983,INV/2025/89593,True,0
TXN-2025-00186,2025-01-30,23651.94,Apex Packaging Solutions,09CCCCC3664C6Z4,HSN 4819,INV/2025/31465,True,0
TXN-2025-00187,2025-03-21,500000.0,Reliance Industries Ltd,27BBBBB2679F2Z7,SAC 9983,INV/2025/13365,True,1
TXN-2025-00188,2025-03-21,12603.59,Global Enterprises,33EEEEE5803F6Z4,SAC 9965,INV/2025/59192,True,0
TXN-2025-00189,2025-04-12,6785.65,Singhania Textiles Pvt Ltd,27BBBBB2654P5Z8,HSN 7208,INV/2025/19961,True,0
TXN-2025-00190,2025-06-01,3976.36,Singhania Textiles Pvt Ltd,27BBBBB2654P5Z8,HSN 4819,INV/2025/92213,True,0
TXN-2025-00191,2025-03-04,9346.79,Reliance Industries Ltd,27BBBBB2679F2Z7,SAC 9965,INV/2025/49529,True,0
TXN-2025-00192,2025-06-25,26505.8,Global Enterprises,33EEEEE5803F6Z4,HSN 4819,INV/2025/25866,True,0
TXN-2025-00193,2025-05-25,185000.0,Apex Packaging Solutions,09CCCCC3664C6Z4,UNCLASSIFIED,INV/2025/55508,True,1
TXN-2025-00194,2025-05-17,4931.55,Mehta Tech Solutions LLP,27BBBBB6514A2Z7,SAC 9965,INV/2025/58571,True,0
TXN-2025-00195,2025-01-18,15345.0,Delhi Distribution Network,19DDDDD9785A7Z2,SAC 9965,INV/2025/54725,True,0
TXN-2025-00196,2025-01-04,18183.21,Bharat Petroleum Dealer,09CCCCC2169F3Z9,HSN 2710,INV/2025/74251,True,0
TXN-2025-00197,2025-01-28,6587.4,Mehta Tech Solutions LLP,27BBBBB6514A2Z7,HSN 5208,INV/2025/93307,True,0
TXN-2025-00198,2025-04-28,15108.01,Singhania Textiles Pvt Ltd,27BBBBB2654P5Z8,HSN 7208,INV/2025/67080,True,0
TXN-2025-00199,2025-02-15,13996.56,Singhania Textiles Pvt Ltd,27BBBBB2654P5Z8,SAC 9983,INV/2025/95256,True,0
TXN-2025-00200,2025-03-11,5354.13,Global Enterprises,33EEEEE5803F6Z4,HSN 4819,INV/2025/80539,True,0
TXN-2025-00201,2025-05-04,17787.12,Aggarwal Auto Components,07AAAAA6881C5Z1,HSN 2710,INV/2025/87656,True,0
TXN-2025-00202,2025-03-10,20923.49,Verma Stationery Traders,27BBBBB7924C5Z3,HSN 4819,INV/2025/42177,True,0
TXN-2025-00203,2025-01-23,31775.19,Gupta Steel & Hardware Corp,19DDDDD4611P5Z1,HSN 2710,INV/2025/41963,True,0
TXN-2025-00204,2025-04-29,31040.3,Global Enterprises,33EEEEE5803F6Z4,SAC 9983,INV/2025/97580,True,0
TXN-2025-00205,2025-04-08,4437.58,Verma Stationery Traders,27BBBBB7924C5Z3,HSN 8471,INV/2025/74789,True,0
TXN-2025-00206,2025-03-25,6309.05,Infosys Limited,07AAAAA1488A4Z4,HSN 2710,INV/2025/37802,True,0
TXN-2025-00207,2025-04-01,20171.54,Apex Packaging Solutions,09CCCCC3664C6Z4,HSN 5208,INV/2025/54608,True,0
TXN-2025-00208,2025-03-13,20151.39,Chawla IT Services,27BBBBB3677P7Z5,SAC 9983,INV/2025/46211,True,0
TXN-2025-00209,2025-05-23,20171.75,Tata Consultancy Services Ltd,07AAAAA1409C4Z4,SAC 9983,INV/2025/35042,True,0
TXN-2025-00210,2025-01-22,250000.0,Sharma Logistics & Freight,33EEEEE1434F4Z9,SAC 9965,INV/2025/63271,True,0
TXN-2025-00211,2025-05-06,185000.0,Delhi Distribution Network,19DDDDD9785A7Z2,UNCLASSIFIED,INV/2025/41499,True,1
TXN-2025-00212,2025-06-26,33138.55,Aggarwal Auto Components,07AAAAA6881C5Z1,SAC 9965,INV/2025/74332,True,0
TXN-2025-00213,2025-04-25,28658.39,Apex Packaging Solutions,09CCCCC3664C6Z4,HSN 8471,INV/2025/22196,True,0
TXN-2025-00214,2025-03-17,22496.45,Sharma Logistics & Freight,33EEEEE1434F4Z9,HSN 2710,INV/2025/41890,True,0
TXN-2025-00215,2025-03-20,10381.54,Kapur Electronics,07AAAAA1750B5Z2,SAC 9983,INV/2025/58368,True,0
TXN-2025-00216,2025-05-02,24518.31,Delhi Distribution Network,19DDDDD9785A7Z2,SAC 9983,INV/2025/55056,True,0
TXN-2025-00217,2025-04-19,7199.31,Singhania Textiles Pvt Ltd,27BBBBB2654P5Z8,SAC 9983,INV/2025/53357,True,0
TXN-2025-00218,2025-04-01,11053.97,Singhania Textiles Pvt Ltd,27BBBBB2654P5Z8,HSN 2710,INV/2025/45509,True,0
TXN-2025-00219,2025-03-20,9060.77,Gupta Steel & Hardware Corp,19DDDDD4611P5Z1,HSN 7208,INV/2025/25814,True,0
TXN-2025-00220,2025-02-19,14264.07,Verma Stationery Traders,27BBBBB7924C5Z3,HSN 8471,INV/2025/80236,True,0
TXN-2025-00221,2025-06-26,85112.3,Infosys Limited,07AAAAA1488A4Z4,HSN 7208,INV/2025/38361,True,0
TXN-2025-00222,2025-05-04,2999.46,Gupta Steel & Hardware Corp,19DDDDD4611P5Z1,SAC 9965,INV/2025/87278,True,0
TXN-2025-00223,2025-05-15,23132.83,Global Enterprises,33EEEEE5803F6Z4,HSN 5208,INV/2025/23176,True,0
TXN-2025-00224,2025-02-19,3676.91,Gupta Steel & Hardware Corp,19DDDDD4611P5Z1,HSN 7208,INV/2025/57301,True,0
TXN-2025-00225,2025-02-15,250000.0,Gupta Steel & Hardware Corp,19DDDDD4611P5Z1,CASH PAYMENT,INV/2025/80010,True,1
TXN-2025-00226,2025-02-02,31925.5,Gupta Steel & Hardware Corp,19DDDDD4611P5Z1,HSN 8471,INV/2025/17146,True,0
TXN-2025-00227,2025-05-22,14064.71,Gupta Steel & Hardware Corp,19DDDDD4611P5Z1,SAC 9965,INV/2025/26551,True,0
TXN-2025-00228,2025-06-13,5640.93,Bharat Petroleum Dealer,09CCCCC2169F3Z9,HSN 4819,INV/2025/74340,True,0
TXN-2025-00229,2025-01-27,7538.34,Bharat Petroleum Dealer,09CCCCC2169F3Z9,HSN 8471,INV/2025/85243,True,0
TXN-2025-00230,2025-03-14,23009.86,Aggarwal Auto Components,07AAAAA6881C5Z1,HSN 2710,INV/2025/67733,True,0
TXN-2025-00231,2025-03-29,7448.04,Infosys Limited,07AAAAA1488A4Z4,HSN 8471,INV/2025/43092,True,0
TXN-2025-00232,2025-05-03,15885.58,Reliance Industries Ltd,27BBBBB2679F2Z7,HSN 4819,INV/2025/18564,True,0
TXN-2025-00233,2025-04-13,13855.78,Aggarwal Auto Components,07AAAAA6881C5Z1,HSN 8471,INV/2025/85631,True,0
TXN-2025-00234,2025-06-11,7932.47,Kapur Electronics,07AAAAA1750B5Z2,HSN 8471,INV/2025/29887,True,0
TXN-2025-00235,2025-02-08,74247.19,Apex Packaging Solutions,09CCCCC3664C6Z4,SAC 9983,INV/2025/49824,True,0
TXN-2025-00236,2025-01-22,22184.19,Sharma Logistics & Freight,33EEEEE1434F4Z9,HSN 8471,INV/2025/83147,True,0
TXN-2025-00237,2025-04-17,2643.57,Global Enterprises,33EEEEE5803F6Z4,SAC 9983,INV/2025/91057,True,0
TXN-2025-00238,2025-02-27,15508.81,Apex Packaging Solutions,09CCCCC3664C6Z4,SAC 9983,INV/2025/59856,True,0
TXN-2025-00239,2025-04-26,7868.09,Chawla IT Services,27BBBBB3677P7Z5,HSN 2710,INV/2025/48974,True,0
TXN-2025-00240,2025-05-31,26421.85,Mehta Tech Solutions LLP,27BBBBB6514A2Z7,HSN 5208,INV/2025/84531,True,0
TXN-2025-00241,2025-06-08,7086.76,Tata Consultancy Services Ltd,07AAAAA1409C4Z4,SAC 9983,INV/2025/23006,True,0
TXN-2025-00242,2025-02-23,12188.05,Kapur Electronics,07AAAAA1750B5Z2,HSN 7208,INV/2025/44687,True,0
TXN-2025-00243,2025-06-19,20010.05,Reliance Industries Ltd,27BBBBB2679F2Z7,HSN 7208,INV/2025/41439,True,0
TXN-2025-00244,2025-02-14,26704.95,Delhi Distribution Network,19DDDDD9785A7Z2,HSN 8471,INV/2025/30517,True,0
TXN-2025-00245,2025-01-01,5114.13,Mehta Tech Solutions LLP,27BBBBB6514A2Z7,HSN 2710,INV/2025/87832,True,0
TXN-2025-00246,2025-05-01,10223.04,Gupta Steel & Hardware Corp,19DDDDD4611P5Z1,HSN 8471,INV/2025/40340,True,0
TXN-2025-00247,2025-03-15,9136.6,Singhania Textiles Pvt Ltd,27BBBBB2654P5Z8,HSN 5208,INV/2025/69510,True,0
TXN-2025-00248,2025-01-19,7921.51,Kapur Electronics,07AAAAA1750B5Z2,HSN 7208,INV/2025/44675,True,0
TXN-2025-00249,2025-06-10,54850.33,Global Enterprises,33EEEEE5803F6Z4,SAC 9965,INV/2025/35928,True,0
TXN-2025-00250,2025-04-19,18471.52,Reliance Industries Ltd,27BBBBB2679F2Z7,SAC 9983,INV/2025/39466,True,0
TXN-2025-00251,2025-06-15,4872.16,Infosys Limited,07AAAAA1488A4Z4,HSN 5208,INV/2025/28643,True,0
TXN-2025-00252,2025-01-19,27841.68,Tata Consultancy Services Ltd,07AAAAA1409C4Z4,HSN 7208,INV/2025/50319,True,0
TXN-2025-00253,2025-06-02,72964.26,Singhania Textiles Pvt Ltd,27BBBBB2654P5Z8,HSN 4819,INV/2025/84607,True,0
TXN-2025-00254,2025-03-15,30514.96,Aggarwal Auto Components,07AAAAA6881C5Z1,HSN 8471,INV/2025/71433,True,0
TXN-2025-00255,2025-06-26,3962.0,Gupta Steel & Hardware Corp,19DDDDD4611P5Z1,SAC 9965,INV/2025/62757,True,0
TXN-2025-00256,2025-03-11,9068.96,Delhi Distribution Network,19DDDDD9785A7Z2,SAC 9983,INV/2025/74722,True,0
TXN-2025-00257,2025-04-23,36810.15,Reliance Industries Ltd,27BBBBB2679F2Z7,SAC 9983,INV/2025/15224,True,0
TXN-2025-00258,2025-04-21,7584.52,Singhania Textiles Pvt Ltd,27BBBBB2654P5Z8,HSN 5208,INV/2025/89129,True,0
TXN-2025-00259,2025-03-06,19054.44,Tata Consultancy Services Ltd,07AAAAA1409C4Z4,HSN 8471,INV/2025/40005,True,0
TXN-2025-00260,2025-06-22,24827.5,Bharat Petroleum Dealer,09CCCCC2169F3Z9,HSN 4819,INV/2025/85392,True,0
TXN-2025-00261,2025-05-31,6364.28,Tata Consultancy Services Ltd,07AAAAA1409C4Z4,HSN 4819,INV/2025/98117,True,0
TXN-2025-00262,2025-03-10,12738.44,Global Enterprises,33EEEEE5803F6Z4,HSN 8471,INV/2025/32962,True,0
TXN-2025-00263,2025-05-01,1000.0,Delhi Distribution Network,19DDDDD9785A7Z2,SAC 9965,INV/2025/67963,True,0
TXN-2025-00264,2025-03-13,5886.93,Infosys Limited,07AAAAA1488A4Z4,SAC 9983,INV/2025/67132,True,0
TXN-2025-00265,2025-06-12,10915.57,Bharat Petroleum Dealer,09CCCCC2169F3Z9,HSN 2710,INV/2025/21959,True,0
TXN-2025-00266,2025-05-01,4923.49,Verma Stationery Traders,27BBBBB7924C5Z3,HSN 2710,INV/2025/53687,True,0
TXN-2025-00267,2025-03-24,49312.31,Kapur Electronics,07AAAAA1750B5Z2,HSN 8471,INV/2025/31079,True,0
TXN-2025-00268,2025-03-26,4255.16,Mehta Tech Solutions LLP,27BBBBB6514A2Z7,SAC 9965,INV/2025/74942,True,0
TXN-2025-00269,2025-03-15,9395.3,Kapur Electronics,07AAAAA1750B5Z2,HSN 2710,INV/2025/82102,True,0
TXN-2025-00270,2025-01-10,14832.74,Aggarwal Auto Components,07AAAAA6881C5Z1,HSN 8471,INV/2025/51224,True,0
TXN-2025-00271,2025-03-06,42320.15,Verma Stationery Traders,27BBBBB7924C5Z3,HSN 8471,INV/2025/62976,True,0
TXN-2025-00272,2025-05-12,4235.73,Bharat Petroleum Dealer,09CCCCC2169F3Z9,HSN 8471,INV/2025/96200,True,0
TXN-2025-00273,2025-05-19,33878.33,Aggarwal Auto Components,07AAAAA6881C5Z1,HSN 2710,INV/2025/17104,True,0
TXN-2025-00274,2025-02-18,13469.54,Delhi Distribution Network,19DDDDD9785A7Z2,HSN 5208,INV/2025/91609,True,0
TXN-2025-00275,2025-05-08,6092.37,Kapur Electronics,07AAAAA1750B5Z2,HSN 2710,INV/2025/16764,True,0
TXN-2025-00276,2025-02-22,19335.2,Gupta Steel & Hardware Corp,19DDDDD4611P5Z1,SAC 9983,INV/2025/27172,True,0
TXN-2025-00277,2025-03-15,15666.0,Aggarwal Auto Components,07AAAAA6881C5Z1,SAC 9965,INV/2025/73532,True,0
TXN-2025-00278,2025-02-01,8265.34,Tata Consultancy Services Ltd,07AAAAA1409C4Z4,SAC 9965,INV/2025/89806,True,0
TXN-2025-00279,2025-03-03,14126.98,Singhania Textiles Pvt Ltd,27BBBBB2654P5Z8,HSN 7208,INV/2025/50730,True,0
TXN-2025-00280,2025-05-22,9815.81,Tata Consultancy Services Ltd,07AAAAA1409C4Z4,SAC 9983,INV/2025/63476,True,0
TXN-2025-00281,2025-01-24,14629.77,Sharma Logistics & Freight,33EEEEE1434F4Z9,HSN 4819,INV/2025/24871,True,0
TXN-2025-00282,2025-04-29,22690.57,Reliance Industries Ltd,27BBBBB2679F2Z7,SAC 9965,INV/2025/30181,True,0
TXN-2025-00283,2025-05-08,47515.6,Chawla IT Services,27BBBBB3677P7Z5,SAC 9965,INV/2025/48254,True,0
TXN-2025-00284,2025-05-11,4962.91,Singhania Textiles Pvt Ltd,27BBBBB2654P5Z8,HSN 5208,INV/2025/64459,True,0
TXN-2025-00285,2025-05-04,73601.94,Aggarwal Auto Components,07AAAAA6881C5Z1,HSN 7208,INV/2025/69871,True,0
TXN-2025-00286,2025-05-22,2802.68,Infosys Limited,07AAAAA1488A4Z4,HSN 2710,INV/2025/34983,True,0
TXN-2025-00287,2025-06-03,11832.11,Delhi Distribution Network,19DDDDD9785A7Z2,SAC 9965,INV/2025/27892,True,0
TXN-2025-00288,2025-01-18,21389.46,Gupta Steel & Hardware Corp,19DDDDD4611P5Z1,HSN 4819,INV/2025/64387,True,0
TXN-2025-00289,2025-03-29,16727.23,Chawla IT Services,27BBBBB3677P7Z5,HSN 4819,INV/2025/76550,True,0
TXN-2025-00290,2025-03-10,8118.01,Bharat Petroleum Dealer,09CCCCC2169F3Z9,HSN 8471,INV/2025/47072,True,0
TXN-2025-00291,2025-03-18,11310.67,Bharat Petroleum Dealer,09CCCCC2169F3Z9,SAC 9983,INV/2025/86011,True,0
TXN-2025-00292,2025-06-18,9005.58,Aggarwal Auto Components,07AAAAA6881C5Z1,HSN 4819,INV/2025/29476,True,0
TXN-2025-00293,2025-04-25,8337.41,Delhi Distribution Network,19DDDDD9785A7Z2,HSN 2710,INV/2025/55236,True,0
TXN-2025-00294,2025-03-27,26362.07,Delhi Distribution Network,19DDDDD9785A7Z2,HSN 4819,INV/2025/81228,True,0
TXN-2025-00295,2025-04-07,17776.14,Aggarwal Auto Components,07AAAAA6881C5Z1,HSN 5208,INV/2025/34727,True,0
TXN-2025-00296,2025-06-28,7674.61,Sharma Logistics & Freight,33EEEEE1434F4Z9,SAC 9983,INV/2025/60196,True,0
TXN-2025-00297,2025-03-01,27437.88,Bharat Petroleum Dealer,09CCCCC2169F3Z9,HSN 4819,INV/2025/63841,True,0
TXN-2025-00298,2025-01-12,17083.01,Verma Stationery Traders,27BBBBB7924C5Z3,SAC 9965,INV/2025/71993,True,0
TXN-2025-00299,2025-06-30,25598.52,Chawla IT Services,27BBBBB3677P7Z5,HSN 4819,INV/2025/59968,True,0
TXN-2025-00300,2025-04-09,22108.18,Kapur Electronics,07AAAAA1750B5Z2,HSN 4819,INV/2025/95461,True,0
TXN-2025-00301,2025-02-08,6882.96,Aggarwal Auto Components,07AAAAA6881C5Z1,HSN 8471,INV/2025/26547,True,0
TXN-2025-00302,2025-05-09,8534.36,Global Enterprises,33EEEEE5803F6Z4,HSN 5208,INV/2025/23154,True,0
TXN-2025-00303,2025-04-23,24290.36,Reliance Industries Ltd,27BBBBB2679F2Z7,SAC 9983,INV/2025/69890,True,0
TXN-2025-00304,2025-01-04,21770.18,Singhania Textiles Pvt Ltd,27BBBBB2654P5Z8,HSN 7208,INV/2025/63736,True,0
TXN-2025-00305,2025-06-17,13138.19,Infosys Limited,07AAAAA1488A4Z4,HSN 8471,INV/2025/71537,True,0
TXN-2025-00306,2025-03-09,500000.0,Verma Stationery Traders,27BBBBB7924C5Z3,SAC 9983,INV/2025/62098,True,1
TXN-2025-00307,2025-06-16,37128.19,Reliance Industries Ltd,27BBBBB2679F2Z7,HSN 4819,INV/2025/53065,True,0
TXN-2025-00308,2025-06-22,8322.71,Bharat Petroleum Dealer,09CCCCC2169F3Z9,SAC 9983,INV/2025/59808,True,0
TXN-2025-00309,2025-03-23,20695.63,Kapur Electronics,07AAAAA1750B5Z2,SAC 9965,INV/2025/73956,True,0
TXN-2025-00310,2025-05-19,11364.46,Tata Consultancy Services Ltd,07AAAAA1409C4Z4,SAC 9983,INV/2025/18968,True,0
TXN-2025-00311,2025-03-02,11224.51,Kapur Electronics,07AAAAA1750B5Z2,SAC 9965,INV/2025/47667,True,0
TXN-2025-00312,2025-02-28,32177.46,Singhania Textiles Pvt Ltd,27BBBBB2654P5Z8,HSN 8471,INV/2025/66881,True,0
TXN-2025-00313,2025-01-26,25856.91,Apex Packaging Solutions,09CCCCC3664C6Z4,SAC 9965,INV/2025/23173,True,0
TXN-2025-00314,2025-04-24,25611.78,Infosys Limited,07AAAAA1488A4Z4,SAC 9965,INV/2025/49251,True,0
TXN-2025-00315,2025-01-08,37963.6,Tata Consultancy Services Ltd,07AAAAA1409C4Z4,HSN 5208,INV/2025/17355,True,0
TXN-2025-00316,2025-03-17,13586.11,Verma Stationery Traders,27BBBBB7924C5Z3,HSN 5208,INV/2025/66450,True,0
TXN-2025-00317,2025-02-07,120000.0,Sharma Logistics & Freight,33EEEEE1434F4Z9,SAC 9983,INV/2025/64008,False,1
TXN-2025-00318,2025-05-25,10423.17,Kapur Electronics,07AAAAA1750B5Z2,HSN 4819,INV/2025/33600,True,0
TXN-2025-00319,2025-02-13,17315.08,Infosys Limited,07AAAAA1488A4Z4,HSN 8471,INV/2025/89887,True,0
TXN-2025-00320,2025-04-08,120000.0,Global Enterprises,33EEEEE5803F6Z4,SAC 9983,INV/2025/41566,False,1
TXN-2025-00321,2025-05-08,14437.68,Chawla IT Services,27BBBBB3677P7Z5,SAC 9983,INV/2025/28758,True,0
TXN-2025-00322,2025-03-01,21506.83,Aggarwal Auto Components,07AAAAA6881C5Z1,SAC 9965,INV/2025/43289,True,0
TXN-2025-00323,2025-04-28,6942.54,Gupta Steel & Hardware Corp,19DDDDD4611P5Z1,SAC 9965,INV/2025/11231,True,0
TXN-2025-00324,2025-04-30,71247.13,Chawla IT Services,27BBBBB3677P7Z5,HSN 5208,INV/2025/98815,True,0
TXN-2025-00325,2025-05-20,5974.08,Infosys Limited,07AAAAA1488A4Z4,HSN 8471,INV/2025/67898,True,0
TXN-2025-00326,2025-03-30,5057.61,Global Enterprises,33EEEEE5803F6Z4,HSN 5208,INV/2025/93746,True,0
TXN-2025-00327,2025-04-19,33741.66,Singhania Textiles Pvt Ltd,27BBBBB2654P5Z8,HSN 5208,INV/2025/69878,True,0
TXN-2025-00328,2025-03-19,25168.04,Sharma Logistics & Freight,33EEEEE1434F4Z9,HSN 2710,INV/2025/73335,True,0
TXN-2025-00329,2025-01-28,22010.96,Sharma Logistics & Freight,33EEEEE1434F4Z9,HSN 2710,INV/2025/84963,True,0
TXN-2025-00330,2025-04-02,22085.5,Global Enterprises,33EEEEE5803F6Z4,HSN 5208,INV/2025/48696,True,0
TXN-2025-00331,2025-01-06,13229.48,Bharat Petroleum Dealer,09CCCCC2169F3Z9,SAC 9965,INV/2025/61879,True,0
TXN-2025-00332,2025-03-12,6517.18,Tata Consultancy Services Ltd,07AAAAA1409C4Z4,SAC 9983,INV/2025/99889,True,0
TXN-2025-00333,2025-01-13,14194.98,Chawla IT Services,27BBBBB3677P7Z5,SAC 9983,INV/2025/75107,True,0
TXN-2025-00334,2025-03-15,7771.91,Apex Packaging Solutions,09CCCCC3664C6Z4,HSN 4819,INV/2025/40162,True,0
TXN-2025-00335,2025-06-05,29146.67,Apex Packaging Solutions,09CCCCC3664C6Z4,HSN 5208,INV/2025/38705,True,0
TXN-2025-00336,2025-06-12,11876.94,Sharma Logistics & Freight,33EEEEE1434F4Z9,SAC 9983,INV/2025/42850,True,0
TXN-2025-00337,2025-06-23,6902.25,Apex Packaging Solutions,09CCCCC3664C6Z4,SAC 9965,INV/2025/96400,True,0
TXN-2025-00338,2025-06-24,10330.87,Bharat Petroleum Dealer,09CCCCC2169F3Z9,HSN 7208,INV/2025/92345,True,0
TXN-2025-00339,2025-01-25,18589.37,Chawla IT Services,07INVALIDGSTIN12,SAC 9965,INV/2025/94717,True,1
TXN-2025-00340,2025-01-11,8510.2,Gupta Steel & Hardware Corp,19DDDDD4611P5Z1,HSN 4819,INV/2025/67779,True,0
TXN-2025-00341,2025-01-09,6920.36,Global Enterprises,33EEEEE5803F6Z4,HSN 5208,INV/2025/27224,True,0
TXN-2025-00342,2025-01-24,16235.41,Chawla IT Services,27BBBBB3677P7Z5,HSN 5208,INV/2025/52823,True,0
TXN-2025-00343,2025-04-17,16252.03,Infosys Limited,07AAAAA1488A4Z4,HSN 7208,INV/2025/27322,True,0
TXN-2025-00344,2025-05-19,8905.69,Chawla IT Services,27BBBBB3677P7Z5,HSN 5208,INV/2025/79579,True,0
TXN-2025-00345,2025-05-09,9165.2,Chawla IT Services,27BBBBB3677P7Z5,HSN 5208,INV/2025/31567,True,0
TXN-2025-00346,2025-03-07,16084.96,Chawla IT Services,27BBBBB3677P7Z5,HSN 4819,INV/2025/73156,True,0
TXN-2025-00347,2025-03-17,250000.0,Singhania Textiles Pvt Ltd,27BBBBB2654P5Z8,CASH PAYMENT,INV/2025/54396,True,1
TXN-2025-00348,2025-01-30,4333.06,Aggarwal Auto Components,07AAAAA6881C5Z1,HSN 8471,INV/2025/28449,True,0
TXN-2025-00349,2025-02-27,7519.42,Bharat Petroleum Dealer,09CCCCC2169F3Z9,SAC 9965,INV/2025/98395,True,0
TXN-2025-00350,2025-04-12,11262.59,Bharat Petroleum Dealer,09CCCCC2169F3Z9,HSN 4819,INV/2025/83048,True,0
TXN-2025-00351,2025-04-04,17132.39,Reliance Industries Ltd,27BBBBB2679F2Z7,HSN 4819,INV/2025/61717,True,0
TXN-2025-00352,2025-01-04,43489.94,Gupta Steel & Hardware Corp,19DDDDD4611P5Z1,SAC 9983,INV/2025/26199,True,0
TXN-2025-00353,2025-04-27,26532.55,Verma Stationery Traders,27BBBBB7924C5Z3,SAC 9965,INV/2025/98125,True,0
TXN-2025-00354,2025-03-09,11755.18,Global Enterprises,33EEEEE5803F6Z4,HSN 2710,INV/2025/93695,True,0
TXN-2025-00355,2025-04-06,500000.0,Reliance Industries Ltd,27BBBBB2679F2Z7,SAC 9965,INV/2025/40647,True,1
TXN-2025-00356,2025-05-01,5990.78,Tata Consultancy Services Ltd,07AAAAA1409C4Z4,SAC 9983,INV/2025/83584,True,0
TXN-2025-00357,2025-03-25,13163.32,Chawla IT Services,27BBBBB3677P7Z5,SAC 9983,INV/2025/39015,True,0
TXN-2025-00358,2025-06-15,10604.92,Reliance Industries Ltd,27BBBBB2679F2Z7,SAC 9965,INV/2025/70852,True,0
TXN-2025-00359,2025-06-29,17295.04,Gupta Steel & Hardware Corp,19DDDDD4611P5Z1,SAC 9965,INV/2025/63516,True,0
TXN-2025-00360,2025-01-30,6892.68,Infosys Limited,07AAAAA1488A4Z4,HSN 8471,INV/2025/14877,True,0
TXN-2025-00361,2025-03-19,20241.24,Aggarwal Auto Components,07AAAAA6881C5Z1,HSN 8471,INV/2025/22739,True,0
TXN-2025-00362,2025-03-02,45532.93,Chawla IT Services,27BBBBB3677P7Z5,SAC 9983,INV/2025/27781,True,0
TXN-2025-00363,2025-04-10,12246.46,Aggarwal Auto Components,07AAAAA6881C5Z1,HSN 5208,INV/2025/97881,True,0
TXN-2025-00364,2025-06-28,18423.26,Delhi Distribution Network,19DDDDD9785A7Z2,HSN 2710,INV/2025/86983,True,0
TXN-2025-00365,2025-02-09,23204.82,Chawla IT Services,27BBBBB3677P7Z5,HSN 2710,INV/2025/95841,True,0
TXN-2025-00366,2025-01-26,9691.69,Bharat Petroleum Dealer,09CCCCC2169F3Z9,HSN 2710,INV/2025/90694,True,0
TXN-2025-00367,2025-04-15,15982.89,Gupta Steel & Hardware Corp,19DDDDD4611P5Z1,HSN 8471,INV/2025/58566,True,0
TXN-2025-00368,2025-02-25,13494.99,Aggarwal Auto Components,07AAAAA6881C5Z1,HSN 2710,INV/2025/40947,True,0
TXN-2025-00369,2025-04-03,14445.54,Reliance Industries Ltd,27BBBBB2679F2Z7,SAC 9965,INV/2025/58147,True,0
TXN-2025-00370,2025-02-09,7198.24,Chawla IT Services,27BBBBB3677P7Z5,SAC 9965,INV/2025/95841,True,1
TXN-2025-00371,2025-01-16,13624.27,Mehta Tech Solutions LLP,27BBBBB6514A2Z7,HSN 5208,INV/2025/34878,True,0
TXN-2025-00372,2025-02-01,19898.48,Bharat Petroleum Dealer,09CCCCC2169F3Z9,HSN 4819,INV/2025/69600,True,0
TXN-2025-00373,2025-01-24,42655.64,Kapur Electronics,07AAAAA1750B5Z2,HSN 7208,INV/2025/94109,True,0
TXN-2025-00374,2025-06-13,28779.44,Global Enterprises,33EEEEE5803F6Z4,HSN 8471,INV/2025/16629,True,0
TXN-2025-00375,2025-03-27,74797.97,Sharma Logistics & Freight,33EEEEE1434F4Z9,HSN 7208,INV/2025/84000,True,0
TXN-2025-00376,2025-02-22,7230.92,Reliance Industries Ltd,27BBBBB2679F2Z7,HSN 4819,INV/2025/82641,True,0
TXN-2025-00377,2025-02-23,26845.58,Global Enterprises,33EEEEE5803F6Z4,HSN 7208,INV/2025/40539,True,0
TXN-2025-00378,2025-03-26,15470.24,Apex Packaging Solutions,09CCCCC3664C6Z4,HSN 7208,INV/2025/88116,True,0
TXN-2025-00379,2025-01-01,77021.69,Gupta Steel & Hardware Corp,19DDDDD4611P5Z1,HSN 4819,INV/2025/28964,True,0
TXN-2025-00380,2025-02-03,6997.87,Delhi Distribution Network,19DDDDD9785A7Z2,HSN 5208,INV/2025/32871,True,0
TXN-2025-00381,2025-01-29,6824.15,Kapur Electronics,07AAAAA1750B5Z2,HSN 4819,INV/2025/13379,True,0
TXN-2025-00382,2025-02-03,8270.79,Tata Consultancy Services Ltd,07AAAAA1409C4Z4,HSN 5208,INV/2025/41186,True,0
TXN-2025-00383,2025-05-31,2442.76,Verma Stationery Traders,27BBBBB7924C5Z3,HSN 8471,INV/2025/32838,True,0
TXN-2025-00384,2025-03-09,8772.67,Tata Consultancy Services Ltd,07AAAAA1409C4Z4,HSN 7208,INV/2025/65176,True,0
TXN-2025-00385,2025-05-15,7278.6,Reliance Industries Ltd,27BBBBB2679F2Z7,SAC 9965,INV/2025/18330,True,0
TXN-2025-00386,2025-05-02,15067.8,Aggarwal Auto Components,07AAAAA6881C5Z1,HSN 4819,INV/2025/57453,True,0
TXN-2025-00387,2025-05-12,17560.46,Global Enterprises,33EEEEE5803F6Z4,HSN 8471,INV/2025/69245,True,0
TXN-2025-00388,2025-05-09,59930.25,Sharma Logistics & Freight,33EEEEE1434F4Z9,SAC 9983,INV/2025/15683,True,0
TXN-2025-00389,2025-06-18,28576.47,Delhi Distribution Network,19DDDDD9785A7Z2,HSN 5208,INV/2025/70036,True,0
TXN-2025-00390,2025-06-14,8420.94,Tata Consultancy Services Ltd,07AAAAA1409C4Z4,HSN 8471,INV/2025/72781,True,0
TXN-2025-00391,2025-04-13,6511.13,Mehta Tech Solutions LLP,27BBBBB6514A2Z7,SAC 9965,INV/2025/24150,True,0
TXN-2025-00392,2025-05-06,19801.94,Singhania Textiles Pvt Ltd,27BBBBB2654P5Z8,HSN 2710,INV/2025/19632,True,0
TXN-2025-00393,2025-01-21,250000.0,Verma Stationery Traders,27BBBBB7924C5Z3,CASH PAYMENT,INV/2025/29442,True,1
TXN-2025-00394,2025-01-17,57824.45,Infosys Limited,07AAAAA1488A4Z4,HSN 5208,INV/2025/91830,True,0
TXN-2025-00395,2025-06-14,34322.35,Global Enterprises,07AAAAA1409C4Z4,SAC 9983,INV/2025/72781,True,1
TXN-2025-00396,2025-04-08,9178.87,Global Enterprises,33EEEEE5803F6Z4,SAC 9983,INV/2025/48652,True,0
TXN-2025-00397,2025-04-27,3393.08,Delhi Distribution Network,19DDDDD9785A7Z2,SAC 9983,INV/2025/66387,True,0
TXN-2025-00398,2025-01-26,39462.18,Apex Packaging Solutions,09CCCCC3664C6Z4,SAC 9965,INV/2025/24996,True,0
TXN-2025-00399,2025-06-17,12189.96,Kapur Electronics,07AAAAA1750B5Z2,HSN 4819,INV/2025/82264,True,0
TXN-2025-00400,2025-02-25,35963.26,Mehta Tech Solutions LLP,27BBBBB6514A2Z7,HSN 2710,INV/2025/39949,True,0
TXN-2025-00401,2025-04-16,3731.1,Verma Stationery Traders,27BBBBB7924C5Z3,HSN 4819,INV/2025/69441,True,0
TXN-2025-00402,2025-04-13,8270.91,Mehta Tech Solutions LLP,27BBBBB6514A2Z7,SAC 9965,INV/2025/22463,True,0
TXN-2025-00403,2025-03-22,13415.89,Mehta Tech Solutions LLP,27BBBBB6514A2Z7,HSN 5208,INV/2025/97177,True,0
TXN-2025-00404,2025-03-07,13871.4,Verma Stationery Traders,27BBBBB7924C5Z3,HSN 7208,INV/2025/72163,True,0
TXN-2025-00405,2025-01-18,9320.28,Reliance Industries Ltd,27BBBBB2679F2Z7,HSN 4819,INV/2025/21188,True,0
TXN-2025-00406,2025-01-24,21988.61,Mehta Tech Solutions LLP,27BBBBB6514A2Z7,HSN 8471,INV/2025/58843,True,0
TXN-2025-00407,2025-02-03,5686.8,Delhi Distribution Network,19DDDDD9785A7Z2,HSN 8471,INV/2025/86869,True,0
TXN-2025-00408,2025-05-24,11921.47,Delhi Distribution Network,19DDDDD9785A7Z2,HSN 5208,INV/2025/97819,True,0
TXN-2025-00409,2025-02-01,14709.32,Mehta Tech Solutions LLP,27BBBBB6514A2Z7,HSN 5208,INV/2025/97207,True,0
TXN-2025-00410,2025-04-19,20161.92,Bharat Petroleum Dealer,09CCCCC2169F3Z9,SAC 9965,INV/2025/16743,True,0
TXN-2025-00411,2025-03-15,23606.84,Global Enterprises,33EEEEE5803F6Z4,HSN 5208,INV/2025/56090,True,0
TXN-2025-00412,2025-01-27,5433.22,Global Enterprises,33EEEEE5803F6Z4,SAC 9983,INV/2025/37884,True,0
TXN-2025-00413,2025-02-09,3915.54,Kapur Electronics,07AAAAA1750B5Z2,HSN 2710,INV/2025/39392,True,0
TXN-2025-00414,2025-01-28,37128.55,Verma Stationery Traders,27BBBBB7924C5Z3,HSN 4819,INV/2025/82910,True,0
TXN-2025-00415,2025-04-05,185000.0,Reliance Industries Ltd,27BBBBB2679F2Z7,UNCLASSIFIED,INV/2025/46512,True,1
TXN-2025-00416,2025-05-27,7340.86,Sharma Logistics & Freight,33EEEEE1434F4Z9,HSN 4819,INV/2025/66244,True,0
TXN-2025-00417,2025-05-24,46208.62,Apex Packaging Solutions,09CCCCC3664C6Z4,HSN 4819,INV/2025/91490,True,0
TXN-2025-00418,2025-06-07,14655.04,Kapur Electronics,07AAAAA1750B5Z2,SAC 9965,INV/2025/82972,True,0
TXN-2025-00419,2025-01-07,34318.43,Global Enterprises,33EEEEE5803F6Z4,SAC 9965,INV/2025/45054,True,0
TXN-2025-00420,2025-01-08,14101.19,Infosys Limited,07AAAAA1488A4Z4,HSN 5208,INV/2025/50499,True,0
TXN-2025-00421,2025-03-28,69466.39,Verma Stationery Traders,27BBBBB7924C5Z3,HSN 8471,INV/2025/33777,True,0
TXN-2025-00422,2025-02-06,54408.34,Global Enterprises,33EEEEE5803F6Z4,SAC 9965,INV/2025/62531,True,0
TXN-2025-00423,2025-01-18,10947.09,Infosys Limited,07AAAAA1488A4Z4,SAC 9965,INV/2025/92991,True,0
TXN-2025-00424,2025-01-08,29064.03,Reliance Industries Ltd,27BBBBB2679F2Z7,SAC 9965,INV/2025/79531,True,0
TXN-2025-00425,2025-02-25,22388.46,Mehta Tech Solutions LLP,27BBBBB6514A2Z7,HSN 2710,INV/2025/69460,True,0
TXN-2025-00426,2025-03-29,250000.0,Infosys Limited,07AAAAA1488A4Z4,CASH PAYMENT,INV/2025/50846,True,1
TXN-2025-00427,2025-03-25,6173.75,Apex Packaging Solutions,09CCCCC3664C6Z4,SAC 9983,INV/2025/88148,True,0
TXN-2025-00428,2025-01-22,23128.97,Chawla IT Services,27BBBBB3677P7Z5,HSN 8471,INV/2025/30392,True,0
TXN-2025-00429,2025-02-10,31155.3,Apex Packaging Solutions,09CCCCC3664C6Z4,SAC 9983,INV/2025/16522,True,0
TXN-2025-00430,2025-06-22,3271.51,Reliance Industries Ltd,27BBBBB2679F2Z7,HSN 5208,INV/2025/68079,True,0
TXN-2025-00431,2025-06-19,5184.32,Mehta Tech Solutions LLP,27BBBBB6514A2Z7,HSN 2710,INV/2025/89570,True,0
TXN-2025-00432,2025-04-24,2613.94,Mehta Tech Solutions LLP,27BBBBB6514A2Z7,HSN 5208,INV/2025/38255,True,0
TXN-2025-00433,2025-05-12,10769.51,Reliance Industries Ltd,27BBBBB2679F2Z7,HSN 5208,INV/2025/66349,True,0
TXN-2025-00434,2025-01-29,23719.05,Gupta Steel & Hardware Corp,19DDDDD4611P5Z1,SAC 9965,INV/2025/98930,True,0
TXN-2025-00435,2025-06-01,44439.57,Aggarwal Auto Components,07AAAAA6881C5Z1,SAC 9983,INV/2025/97442,True,0
TXN-2025-00436,2025-03-20,14175.58,Tata Consultancy Services Ltd,07AAAAA1409C4Z4,HSN 7208,INV/2025/61807,True,0
TXN-2025-00437,2025-06-03,49162.8,Tata Consultancy Services Ltd,07AAAAA1409C4Z4,HSN 8471,INV/2025/36794,True,0
TXN-2025-00438,2025-03-19,4428.95,Sharma Logistics & Freight,33EEEEE1434F4Z9,HSN 4819,INV/2025/27987,True,0
TXN-2025-00439,2025-03-07,3419.65,Gupta Steel & Hardware Corp,19DDDDD4611P5Z1,HSN 5208,INV/2025/25726,True,0
TXN-2025-00440,2025-01-02,12779.04,Aggarwal Auto Components,07AAAAA6881C5Z1,SAC 9965,INV/2025/66446,True,0
TXN-2025-00441,2025-02-14,18165.01,Infosys Limited,07AAAAA1488A4Z4,HSN 2710,INV/2025/79806,True,0
TXN-2025-00442,2025-06-30,13014.82,Sharma Logistics & Freight,33EEEEE1434F4Z9,SAC 9983,INV/2025/83233,True,0
TXN-2025-00443,2025-06-21,2555.61,Apex Packaging Solutions,09CCCCC3664C6Z4,HSN 5208,INV/2025/19447,True,0
TXN-2025-00444,2025-04-12,12440.39,Bharat Petroleum Dealer,09CCCCC2169F3Z9,SAC 9965,INV/2025/15544,True,0
TXN-2025-00445,2025-04-22,4705.2,Tata Consultancy Services Ltd,07AAAAA1409C4Z4,HSN 2710,INV/2025/20205,True,0
TXN-2025-00446,2025-03-22,22827.88,Global Enterprises,33EEEEE5803F6Z4,HSN 2710,INV/2025/85156,True,0
TXN-2025-00447,2025-04-14,17912.94,Singhania Textiles Pvt Ltd,27BBBBB2654P5Z8,SAC 9965,INV/2025/64747,True,0
TXN-2025-00448,2025-03-16,6298.69,Reliance Industries Ltd,27BBBBB2679F2Z7,HSN 2710,INV/2025/12733,True,0
TXN-2025-00449,2025-04-12,8856.5,Infosys Limited,09CCCCC2169F3Z9,HSN 4819,INV/2025/15544,True,1
TXN-2025-00450,2025-04-28,5725.18,Bharat Petroleum Dealer,09CCCCC2169F3Z9,SAC 9965,INV/2025/57428,True,0
TXN-2025-00451,2025-01-23,12706.34,Mehta Tech Solutions LLP,27BBBBB6514A2Z7,HSN 4819,INV/2025/23875,True,0
TXN-2025-00452,2025-03-04,28684.55,Mehta Tech Solutions LLP,27BBBBB6514A2Z7,SAC 9983,INV/2025/62487,True,0
TXN-2025-00453,2025-05-15,6071.85,Reliance Industries Ltd,27BBBBB2679F2Z7,HSN 2710,INV/2025/50668,True,0
TXN-2025-00454,2025-03-28,19994.99,Sharma Logistics & Freight,33EEEEE1434F4Z9,HSN 5208,INV/2025/32037,True,0
TXN-2025-00455,2025-01-20,8741.12,Delhi Distribution Network,19DDDDD9785A7Z2,SAC 9965,INV/2025/24945,True,0
TXN-2025-00456,2025-05-16,7084.76,Delhi Distribution Network,19DDDDD9785A7Z2,HSN 7208,INV/2025/55793,True,0
TXN-2025-00457,2025-03-31,12263.41,Singhania Textiles Pvt Ltd,27BBBBB2654P5Z8,HSN 4819,INV/2025/94599,True,0
TXN-2025-00458,2025-02-07,5836.03,Sharma Logistics & Freight,33EEEEE1434F4Z9,HSN 8471,INV/2025/29194,True,0
TXN-2025-00459,2025-03-07,8579.07,Sharma Logistics & Freight,33EEEEE1434F4Z9,HSN 7208,INV/2025/88957,True,0
TXN-2025-00460,2025-02-09,5124.04,Apex Packaging Solutions,09CCCCC3664C6Z4,HSN 4819,INV/2025/95918,True,0
TXN-2025-00461,2025-01-20,64329.92,Infosys Limited,07AAAAA1488A4Z4,HSN 4819,INV/2025/92306,True,0
TXN-2025-00462,2025-05-07,13741.98,Aggarwal Auto Components,07AAAAA6881C5Z1,HSN 4819,INV/2025/83889,True,0
TXN-2025-00463,2025-05-29,1000000.0,Aggarwal Auto Components,07AAAAA6881C5Z1,SAC 9965,INV/2025/83989,True,1
TXN-2025-00464,2025-06-14,15854.11,Kapur Electronics,07AAAAA1750B5Z2,SAC 9983,INV/2025/52363,True,0
TXN-2025-00465,2025-06-10,12211.55,Verma Stationery Traders,27BBBBB7924C5Z3,HSN 7208,INV/2025/67640,True,0
TXN-2025-00466,2025-01-18,11195.02,Aggarwal Auto Components,07AAAAA6881C5Z1,HSN 2710,INV/2025/92756,True,0
TXN-2025-00467,2025-03-19,21836.4,Apex Packaging Solutions,09CCCCC3664C6Z4,HSN 5208,INV/2025/87518,True,0
TXN-2025-00468,2025-01-15,24489.66,Verma Stationery Traders,27BBBBB7924C5Z3,SAC 9983,INV/2025/19724,True,0
TXN-2025-00469,2025-03-21,8739.42,Aggarwal Auto Components,07AAAAA6881C5Z1,HSN 2710,INV/2025/14929,True,0
TXN-2025-00470,2025-01-15,8428.26,Verma Stationery Traders,27BBBBB7924C5Z3,HSN 4819,INV/2025/47627,True,0
TXN-2025-00471,2025-01-20,10720.99,Kapur Electronics,07AAAAA1750B5Z2,HSN 4819,INV/2025/21835,True,0
TXN-2025-00472,2025-06-07,2118.5,Global Enterprises,33EEEEE5803F6Z4,SAC 9983,INV/2025/60394,True,0
TXN-2025-00473,2025-04-29,3975.27,Global Enterprises,33EEEEE5803F6Z4,SAC 9983,INV/2025/15376,True,0
TXN-2025-00474,2025-04-26,39874.78,Chawla IT Services,27BBBBB3677P7Z5,HSN 4819,INV/2025/84928,True,0
TXN-2025-00475,2025-06-16,49810.16,Sharma Logistics & Freight,33EEEEE1434F4Z9,HSN 5208,INV/2025/89299,True,0
TXN-2025-00476,2025-05-02,10946.46,Delhi Distribution Network,19DDDDD9785A7Z2,HSN 7208,INV/2025/18109,True,0
TXN-2025-00477,2025-04-26,21189.17,Reliance Industries Ltd,27BBBBB2679F2Z7,HSN 4819,INV/2025/55015,True,0
TXN-2025-00478,2025-01-22,17137.09,Delhi Distribution Network,19DDDDD9785A7Z2,SAC 9965,INV/2025/32617,True,0
TXN-2025-00479,2025-01-11,156859.32,Sharma Logistics & Freight,33EEEEE1434F4Z9,SAC 9965,INV/2025/67377,True,0
TXN-2025-00480,2025-04-23,32717.32,Delhi Distribution Network,19DDDDD9785A7Z2,SAC 9983,INV/2025/89928,True,0
TXN-2025-00481,2025-02-10,12060.2,Verma Stationery Traders,27BBBBB7924C5Z3,HSN 5208,INV/2025/47079,True,0
TXN-2025-00482,2025-04-10,6220.26,Mehta Tech Solutions LLP,27BBBBB6514A2Z7,HSN 4819,INV/2025/54350,True,0
TXN-2025-00483,2025-06-23,3695.4,Global Enterprises,33EEEEE5803F6Z4,HSN 8471,INV/2025/92691,True,0
TXN-2025-00484,2025-06-15,15721.29,Verma Stationery Traders,27BBBBB7924C5Z3,HSN 8471,INV/2025/53213,True,0
TXN-2025-00485,2025-01-25,7294.82,Delhi Distribution Network,19DDDDD9785A7Z2,SAC 9965,INV/2025/60667,True,0
TXN-2025-00486,2025-03-14,4282.09,Gupta Steel & Hardware Corp,19DDDDD4611P5Z1,SAC 9965,INV/2025/96057,True,0
TXN-2025-00487,2025-06-04,7964.44,Bharat Petroleum Dealer,09CCCCC2169F3Z9,HSN 7208,INV/2025/53694,True,0
TXN-2025-00488,2025-01-21,5623.79,Global Enterprises,33EEEEE5803F6Z4,SAC 9965,INV/2025/28537,True,0
TXN-2025-00489,2025-03-31,51519.38,Gupta Steel & Hardware Corp,19DDDDD4611P5Z1,SAC 9965,INV/2025/96787,True,0
TXN-2025-00490,2025-04-11,27046.47,Infosys Limited,07AAAAA1488A4Z4,SAC 9983,INV/2025/21104,True,0
TXN-2025-00491,2025-03-21,13274.79,Delhi Distribution Network,19DDDDD9785A7Z2,HSN 2710,INV/2025/94343,True,0
TXN-2025-00492,2025-03-26,43649.86,Bharat Petroleum Dealer,09CCCCC2169F3Z9,HSN 7208,INV/2025/97833,True,0
TXN-2025-00493,2025-06-29,14212.75,Bharat Petroleum Dealer,09CCCCC2169F3Z9,SAC 9965,INV/2025/99838,True,0
TXN-2025-00494,2025-05-15,6707.44,Reliance Industries Ltd,27BBBBB2679F2Z7,SAC 9965,INV/2025/97878,True,0
TXN-2025-00495,2025-04-19,45184.04,Delhi Distribution Network,19DDDDD9785A7Z2,HSN 5208,INV/2025/12389,True,0
TXN-2025-00496,2025-04-03,20560.52,Gupta Steel & Hardware Corp,19DDDDD4611P5Z1,HSN 7208,INV/2025/38074,True,0
TXN-2025-00497,2025-03-29,5826.68,Apex Packaging Solutions,09CCCCC3664C6Z4,HSN 2710,INV/2025/35166,True,0
TXN-2025-00498,2025-02-27,11472.74,Infosys Limited,07AAAAA1488A4Z4,HSN 7208,INV/2025/20114,True,0
TXN-2025-00499,2025-03-17,6630.96,Bharat Petroleum Dealer,09CCCCC2169F3Z9,HSN 4819,INV/2025/23256,True,0
TXN-2025-00500,2025-05-10,4419.4,Apex Packaging Solutions,09CCCCC3664C6Z4,SAC 9983,INV/2025/79013,True,0
